timestamp,speed,steering_percentage
1592471907.2217567,0.0,-1.5882353782653809
1592471907.23177,0.0,-1.5882353782653809
1592471907.2417557,0.0,-1.5882353782653809
1592471907.2517629,0.0,-1.5882353782653809
1592471907.2617953,0.0,-1.5882353782653809
1592471907.2717893,0.0,-1.5882353782653809
1592471907.281762,0.0,-1.5882353782653809
1592471907.2917507,0.0,-1.5882353782653809
1592471907.3017902,0.0,-1.5882353782653809
1592471907.3117948,0.0,-1.5882353782653809
1592471907.321777,0.0,-1.5882353782653809
1592471907.3317919,0.0,-1.5882353782653809
1592471907.3417895,0.0,-1.5882353782653809
1592471907.3517666,0.0,-1.5882353782653809
1592471907.3617957,0.0,-1.5882353782653809
1592471907.371778,0.0,-1.5882353782653809
1592471907.3817654,0.0,-1.5882353782653809
1592471907.3917954,0.0,-1.5882353782653809
1592471907.4017906,0.0,-1.5882353782653809
1592471907.4117658,0.0,-1.5882353782653809
1592471907.4217646,0.0,-1.5882353782653809
1592471907.4317605,0.0,-1.5882353782653809
1592471907.4417927,0.0,-1.5882353782653809
1592471907.4517617,0.0,-1.5882353782653809
1592471907.4618022,0.0,-1.5882353782653809
1592471907.471753,0.0,-1.5882353782653809
1592471907.481798,0.0,-1.5882353782653809
1592471907.4917936,0.0,-1.5882353782653809
1592471907.5018015,0.0,-1.5882353782653809
1592471907.5118036,0.0,-1.5882353782653809
1592471907.5218103,0.0,-1.5882353782653809
1592471907.5317612,0.0,-1.5882353782653809
1592471907.5417511,0.0,-1.5882353782653809
1592471907.5517657,0.0,-1.5882353782653809
1592471907.561807,0.0,-1.5882353782653809
1592471907.571798,0.0,-1.5882353782653809
1592471907.581802,0.0,-1.5882353782653809
1592471907.5917842,0.0,-1.5882353782653809
1592471907.6018028,0.0,-1.5882353782653809
1592471907.6141405,0.0,-1.5882353782653809
1592471907.622095,0.0,-1.5882353782653809
1592471907.6321282,0.0,-1.5882353782653809
1592471907.6421406,0.0,-1.5882353782653809
1592471907.6521518,0.0,-1.5882353782653809
1592471907.662106,0.0,-1.5882353782653809
1592471907.6721284,0.0,-1.5882353782653809
1592471907.6821043,0.0,-1.5882353782653809
1592471907.6921132,0.0,-1.5882353782653809
1592471907.7021427,0.0,-1.5882353782653809
1592471907.7121422,0.0,-1.5882353782653809
1592471907.7221384,0.0,-1.5882353782653809
1592471907.7321007,0.0,-1.5882353782653809
1592471907.7421324,0.0,-1.5882353782653809
1592471907.752133,0.0,-1.5882353782653809
1592471907.7621272,0.0,-1.5882353782653809
1592471907.7721074,0.0,-1.5882353782653809
1592471907.7821336,0.0,-1.5882353782653809
1592471907.792132,0.0,-1.5882353782653809
1592471907.8021233,0.0,-1.5882353782653809
1592471907.812131,0.0,-1.5882353782653809
1592471907.822103,0.0,-1.5882353782653809
1592471907.8321002,0.0,-1.5882353782653809
1592471907.8420808,0.0,-1.5882353782653809
1592471907.8521378,0.0,-1.5882353782653809
1592471907.862134,0.0,-1.5882353782653809
1592471907.8721302,0.0,-1.5882353782653809
1592471907.882124,0.0,-1.5882353782653809
1592471907.8921232,0.0,-1.5882353782653809
1592471907.9021144,0.0,-1.5882353782653809
1592471907.9121215,0.0,-1.5882353782653809
1592471907.922146,0.0,-1.5882353782653809
1592471907.9321098,0.0,-1.5882353782653809
1592471907.9421206,0.0,-1.5882353782653809
1592471907.9521403,0.0,-1.5882353782653809
1592471907.9621248,0.0,-1.5882353782653809
1592471907.9721158,0.0,-1.5882353782653809
1592471907.9821186,0.0,-1.5882353782653809
1592471907.9942553,0.0,-1.5882353782653809
1592471908.0022507,0.0,-1.5882353782653809
1592471908.0122745,0.0,-1.5882353782653809
1592471908.022271,0.0,-1.5882353782653809
1592471908.032266,0.0,-1.5882353782653809
1592471908.0422657,0.0,-1.5882353782653809
1592471908.0522811,0.0,-1.5882353782653809
1592471908.062279,0.0,-1.5882353782653809
1592471908.0722685,0.0,-1.5882353782653809
1592471908.082234,0.0,-1.5882353782653809
1592471908.0922573,0.0,-1.5882353782653809
1592471908.1022463,0.0,-1.5882353782653809
1592471908.112284,0.0,-1.5882353782653809
1592471908.1223001,0.0,-1.5882353782653809
1592471908.1322842,0.0,-1.5882353782653809
1592471908.1422496,0.0,-1.5882353782653809
1592471908.152234,0.0,-1.5882353782653809
1592471908.1622555,0.0,-1.5882353782653809
1592471908.1722474,0.0,-1.5882353782653809
1592471908.1822608,0.0,-1.5882353782653809
1592471908.1922483,0.0,-1.5882353782653809
1592471908.2022696,0.0,-1.5882353782653809
1592471908.2122843,0.0,-1.5882353782653809
1592471908.2222292,0.0,-1.5882353782653809
1592471908.2322304,0.0,-1.5882353782653809
1592471908.2422702,0.0,-1.5882353782653809
1592471908.252289,0.0,-1.5882353782653809
1592471908.262243,0.0,-1.5882353782653809
1592471908.2722807,0.0,-1.5882353782653809
1592471908.2822692,0.0,-1.5882353782653809
1592471908.2922528,0.0,-1.5882353782653809
1592471908.3022785,0.0,-1.5882353782653809
1592471908.312278,0.0,-1.5882353782653809
1592471908.3222826,0.0,-1.5882353782653809
1592471908.332262,0.0,-1.5882353782653809
1592471908.3422804,0.0,-1.5882353782653809
1592471908.3522604,0.0,-1.5882353782653809
1592471908.3622785,0.0,-1.5882353782653809
1592471908.3722486,0.0,-1.5882353782653809
1592471908.3822749,0.0,-1.5882353782653809
1592471908.3922837,0.0,-1.5882353782653809
1592471908.4022713,0.0,-1.5882353782653809
1592471908.4122472,0.0,-1.5882353782653809
1592471908.4222562,0.0,-1.5882353782653809
1592471908.432271,0.0,-1.5882353782653809
1592471908.4422717,0.0,-1.5882353782653809
1592471908.452243,0.0,-1.5882353782653809
1592471908.4622643,0.0,-1.5882353782653809
1592471908.4722693,0.0,-1.5882353782653809
1592471908.4822452,0.0,-1.5882353782653809
1592471908.4922729,0.0,-1.5882353782653809
1592471908.502265,0.0,-1.5882353782653809
1592471908.5122483,0.0,-1.5882353782653809
1592471908.5222607,0.0,-1.5882353782653809
1592471908.5322864,0.0,-1.5882353782653809
1592471908.542281,0.0,-1.5882353782653809
1592471908.5522478,0.0,-1.5882353782653809
1592471908.5622728,0.0,-1.5882353782653809
1592471908.5722802,0.0,-1.5882353782653809
1592471908.582275,0.0,-1.5882353782653809
1592471908.5922637,0.0,-1.5882353782653809
1592471908.602298,0.0,-1.5882353782653809
1592471908.612253,0.0,-1.5882353782653809
1592471908.6222744,0.0,-1.5882353782653809
1592471908.6322253,0.0,-1.5882353782653809
1592471908.6422682,0.0,-1.5882353782653809
1592471908.6522963,0.0,-1.5882353782653809
1592471908.6622956,0.0,-1.5882353782653809
1592471908.672245,0.0,-1.5882353782653809
1592471908.6822865,0.0,-1.5882353782653809
1592471908.6923552,0.0,-1.5882353782653809
1592471908.7022765,0.0,-1.5882353782653809
1592471908.7122817,0.0,-1.5882353782653809
1592471908.722287,0.0,-1.5882353782653809
1592471908.7322865,0.0,-1.5882353782653809
1592471908.7422702,0.0,-1.5882353782653809
1592471908.75225,0.0,-1.5882353782653809
1592471908.7622697,0.0,-1.5882353782653809
1592471908.7722752,0.0,-1.5882353782653809
1592471908.7822773,0.0,-1.5882353782653809
1592471908.7922804,0.0,-1.5882353782653809
1592471908.8022742,0.0,-1.5882353782653809
1592471908.8122725,0.0,-1.5882353782653809
1592471908.8222437,0.0,-1.5882353782653809
1592471908.832277,0.0,-1.5882353782653809
1592471908.842258,0.0,-1.5882353782653809
1592471908.8522613,0.0,-1.5882353782653809
1592471908.8622682,0.0,-1.5882353782653809
1592471908.872475,0.0,-1.5882353782653809
1592471908.8822873,0.0,-1.5882353782653809
1592471908.8922715,0.0,-1.5882353782653809
1592471908.905379,0.0,-1.5882353782653809
1592471908.9113975,0.0,-1.5882353782653809
1592471908.9213965,0.0,-1.5882353782653809
1592471908.9313858,0.0,-1.5882353782653809
1592471908.9413853,0.0,-1.5882353782653809
1592471908.9513571,0.0,-1.5882353782653809
1592471908.9613929,0.0,-1.5882353782653809
1592471908.971388,0.0,-1.5882353782653809
1592471908.9813855,0.0,-1.5882353782653809
1592471908.991393,0.0,-1.5882353782653809
1592471909.0013754,0.0,-1.5882353782653809
1592471909.0113819,0.0,-1.5882353782653809
1592471909.0213697,0.0,-1.5882353782653809
1592471909.0313997,0.0,-1.5882353782653809
1592471909.0413635,0.0,-1.5882353782653809
1592471909.0513964,0.0,-1.5882353782653809
1592471909.0613847,0.0,-1.5882353782653809
1592471909.0713873,0.0,-1.5882353782653809
1592471909.081395,0.0,-1.5882353782653809
1592471909.0913413,0.0,-1.5882353782653809
1592471909.1013854,0.0,-1.5882353782653809
1592471909.111384,0.0,-1.5882353782653809
1592471909.121357,0.0,-1.5882353782653809
1592471909.1313918,0.0,-1.5882353782653809
1592471909.141387,0.0,-1.5882353782653809
1592471909.151362,0.0,-1.5882353782653809
1592471909.1613433,0.0,-1.5882353782653809
1592471909.1713903,0.0,-1.5882353782653809
1592471909.1813848,0.0,-1.5882353782653809
1592471909.1914146,0.0,-1.5882353782653809
1592471909.201389,0.0,-1.5882353782653809
1592471909.2113707,0.0,-1.5882353782653809
1592471909.2213843,0.0,-1.5882353782653809
1592471909.2313876,0.0,-1.5882353782653809
1592471909.2413826,0.0,-1.5882353782653809
1592471909.2514055,0.0,-1.5882353782653809
1592471909.2613466,0.0,-1.5882353782653809
1592471909.2716825,0.0,-1.5882353782653809
1592471909.2813919,0.0,-1.5882353782653809
1592471909.2913926,0.0,-1.5882353782653809
1592471909.3013844,0.0,-1.5882353782653809
1592471909.3113644,0.0,-1.5882353782653809
1592471909.3214045,0.0,-1.5882353782653809
1592471909.3313804,0.0,-1.5882353782653809
1592471909.3413863,0.0,-1.5882353782653809
1592471909.3513877,0.0,-1.5882353782653809
1592471909.3613954,0.0,-1.5882353782653809
1592471909.3713648,0.0,-1.5882353782653809
1592471909.3813794,0.0,-1.5882353782653809
1592471909.3913918,0.0,-1.5882353782653809
1592471909.4013426,0.0,-1.5882353782653809
1592471909.4113889,0.0,-1.5882353782653809
1592471909.421358,0.0,-1.5882353782653809
1592471909.4313865,0.0,-1.5882353782653809
1592471909.4413545,0.0,-1.5882353782653809
1592471909.454062,0.0,-1.5882353782653809
1592471909.459392,0.0,-1.5882353782653809
1592471909.4713619,0.0,-1.5882353782653809
1592471909.4813495,0.0,-1.5882353782653809
1592471909.4913642,0.0,-1.5882353782653809
1592471909.501386,0.0,-1.5882353782653809
1592471909.5114064,0.0,-1.5882353782653809
1592471909.5213976,0.0,-1.5882353782653809
1592471909.5313818,0.0,-1.5882353782653809
1592471909.5413878,0.0,-1.5882353782653809
1592471909.5514004,0.0,-1.5882353782653809
1592471909.561387,0.0,-1.5882353782653809
1592471909.5713923,0.0,-1.5882353782653809
1592471909.5813959,0.0,-1.5882353782653809
1592471909.5914063,0.0,-1.5882353782653809
1592471909.6013956,0.0,-1.5882353782653809
1592471909.611391,0.0,-1.5882353782653809
1592471909.6213756,0.0,-1.5882353782653809
1592471909.6313474,0.0,-1.5882353782653809
1592471909.641386,0.0,-1.5882353782653809
1592471909.6514032,0.0,-1.5882353782653809
1592471909.661388,0.0,-1.5882353782653809
1592471909.6714113,0.0,-1.5882353782653809
1592471909.6813755,0.0,-1.5882353782653809
1592471909.6913815,0.0,-1.5882353782653809
1592471909.7013824,0.0,-1.5882353782653809
1592471909.711364,0.0,-1.5882353782653809
1592471909.721406,0.0,-1.5882353782653809
1592471909.7313511,0.0,-1.5882353782653809
1592471909.7413797,0.0,-1.5882353782653809
1592471909.7513502,0.0,-1.5882353782653809
1592471909.7613666,0.0,-1.5882353782653809
1592471909.7713547,0.0,-1.5882353782653809
1592471909.781381,0.0,-1.5882353782653809
1592471909.7913659,0.0,-1.5882353782653809
1592471909.8013582,0.0,-1.5882353782653809
1592471909.8113782,0.0,-1.5882353782653809
1592471909.8213744,0.0,-1.5882353782653809
1592471909.8313856,0.0,-1.5882353782653809
1592471909.8413818,0.0,-1.5882353782653809
1592471909.8513882,0.0,-1.5882353782653809
1592471909.8613691,0.0,-1.5882353782653809
1592471909.8713593,0.0,-1.5882353782653809
1592471909.88161,0.0,-1.5882353782653809
1592471909.8913536,0.0,-1.5882353782653809
1592471909.9013827,0.0,-1.5882353782653809
1592471909.911363,0.0,-1.5882353782653809
1592471909.9213862,0.0,-1.5882353782653809
1592471909.931376,0.0,-1.5882353782653809
1592471909.9454966,0.0,-1.5882353782653809
1592471909.9515076,0.0,-1.5882353782653809
1592471909.961504,0.0,-1.5882353782653809
1592471909.9714959,0.0,-1.5882353782653809
1592471909.9815013,0.0,-1.5882353782653809
1592471909.9914782,0.0,-1.5882353782653809
1592471910.0014968,0.0,-1.5882353782653809
1592471910.011505,0.0,-1.5882353782653809
1592471910.021485,0.0,-1.5882353782653809
1592471910.0314884,0.0,-1.5882353782653809
1592471910.0414548,0.0,-1.5882353782653809
1592471910.0514603,0.0,-1.5882353782653809
1592471910.0615158,0.0,-1.5882353782653809
1592471910.0714583,0.0,-1.5882353782653809
1592471910.0814908,0.0,-1.5882353782653809
1592471910.0914712,0.0,-1.5882353782653809
1592471910.101512,0.0,-1.5882353782653809
1592471910.1115174,0.0,-1.5882353782653809
1592471910.1229432,0.0,-1.5882353782653809
1592471910.1342213,0.0,-1.5882353782653809
1592471910.142188,0.0,-1.5882353782653809
1592471910.1523721,0.0,-1.5882353782653809
1592471910.162186,0.0,-1.5882353782653809
1592471910.1721463,0.0,-1.5882353782653809
1592471910.182153,0.0,-1.5882353782653809
1592471910.1961384,0.0,-1.5882353782653809
1592471910.2021377,0.0,-1.5882353782653809
1592471910.212152,0.0,-1.5882353782653809
1592471910.2221737,0.0,-1.5882353782653809
1592471910.2321992,0.0,-1.5882353782653809
1592471910.2421672,0.0,-1.5882353782653809
1592471910.2521772,0.0,-1.5882353782653809
1592471910.2621758,0.0,-1.5882353782653809
1592471910.2721841,0.0,-1.5882353782653809
1592471910.2821805,0.0,-1.5882353782653809
1592471910.2921786,0.0,-1.5882353782653809
1592471910.3021657,0.0,-1.5882353782653809
1592471910.3121555,0.0,-1.5882353782653809
1592471910.3231304,0.0,-1.5882353782653809
1592471910.3322027,0.0,-1.5882353782653809
1592471910.3421428,0.0,-1.5882353782653809
1592471910.3542352,0.0,-1.5882353782653809
1592471910.3622215,0.0,-1.5882353782653809
1592471910.3722327,0.0,-1.5882353782653809
1592471910.3822327,0.0,-1.5882353782653809
1592471910.3922355,0.0,-1.5882353782653809
1592471910.4022276,0.0,-1.5882353782653809
1592471910.4122272,0.0,-1.5882353782653809
1592471910.4222155,0.0,-1.5882353782653809
1592471910.4322457,0.0,-1.5882353782653809
1592471910.4421937,0.0,-1.5882353782653809
1592471910.452241,0.0,-1.5882353782653809
1592471910.4622474,0.0,-1.5882353782653809
1592471910.47222,0.0,-1.5882353782653809
1592471910.482192,0.0,-1.5882353782653809
1592471910.4922173,0.0,-1.5882353782653809
1592471910.5022323,0.0,-1.5882353782653809
1592471910.5123007,0.0,-1.5882353782653809
1592471910.5222616,0.0,-1.5882353782653809
1592471910.5322146,0.0,-1.5882353782653809
1592471910.5422366,0.0,-1.5882353782653809
1592471910.5522165,0.0,-1.5882353782653809
1592471910.562239,0.0,-1.5882353782653809
1592471910.5722241,0.0,-1.5882353782653809
1592471910.5822206,0.0,-1.5882353782653809
1592471910.5922632,0.0,-1.5882353782653809
1592471910.6021948,0.0,-1.5882353782653809
1592471910.6122153,0.0,-1.5882353782653809
1592471910.6222157,0.0,-1.5882353782653809
1592471910.632185,0.0,-1.5882353782653809
1592471910.6422143,0.0,-1.5882353782653809
1592471910.6522074,0.0,-1.5882353782653809
1592471910.662239,0.0,-1.5882353782653809
1592471910.6722488,0.0,-1.5882353782653809
1592471910.682227,0.0,-1.5882353782653809
1592471910.6922238,0.0,-1.5882353782653809
1592471910.7022054,0.0,-1.5882353782653809
1592471910.712234,0.0,-1.5882353782653809
1592471910.7222512,0.0,-1.5882353782653809
1592471910.7321928,0.0,-1.5882353782653809
1592471910.742216,0.0,-1.5882353782653809
1592471910.7522223,0.0,-1.5882353782653809
1592471910.7622223,0.0,-1.5882353782653809
1592471910.7721975,0.0,-1.5882353782653809
1592471910.7822337,0.0,-1.5882353782653809
1592471910.7922277,0.0,-1.5882353782653809
1592471910.8022363,0.0,-1.5882353782653809
1592471910.812223,0.0,-1.5882353782653809
1592471910.8222184,0.0,-1.5882353782653809
1592471910.8322217,0.0,-1.5882353782653809
1592471910.8423498,0.0,-1.5882353782653809
1592471910.8524365,0.0,-1.5882353782653809
1592471910.8621962,0.0,-1.5882353782653809
1592471910.8722298,0.0,-1.5882353782653809
1592471910.882783,0.0,-1.5882353782653809
1592471910.8922596,0.0,-1.5882353782653809
1592471910.902255,0.0,-1.5882353782653809
1592471910.9122295,0.0,-1.5882353782653809
1592471910.92231,0.0,-1.5882353782653809
1592471910.9322388,0.0,-1.5882353782653809
1592471910.9422317,0.0,-1.5882353782653809
1592471910.9527707,0.0,-1.5882353782653809
1592471910.9622574,0.0,-1.5882353782653809
1592471910.9722338,0.0,-1.5882353782653809
1592471910.9822202,0.0,-1.5882353782653809
1592471910.993113,0.0,-1.5882353782653809
1592471911.0022123,0.0,-1.5882353782653809
1592471911.0122085,0.0,-1.5882353782653809
1592471911.0232944,0.0,-1.5882353782653809
1592471911.03022,0.0,-1.5882353782653809
1592471911.0422378,0.0,-1.5882353782653809
1592471911.0522215,0.0,-1.5882353782653809
1592471911.062226,0.0,-1.5882353782653809
1592471911.0722656,0.0,-1.5882353782653809
1592471911.082255,0.0,-1.5882353782653809
1592471911.092197,0.0,-1.5882353782653809
1592471911.102212,0.0,-1.5882353782653809
1592471911.1122081,0.0,-1.5882353782653809
1592471911.1222363,0.0,-1.5882353782653809
1592471911.1322255,0.0,-1.5882353782653809
1592471911.142228,0.0,-1.5882353782653809
1592471911.1521764,0.0,-1.5882353782653809
1592471911.1622193,0.0,-1.5882353782653809
1592471911.1732457,0.0,-1.5882353782653809
1592471911.1824389,0.0,-1.5882353782653809
1592471911.1922126,0.0,-1.5882353782653809
1592471911.2022247,0.0,-1.5882353782653809
1592471911.2122188,0.0,-1.5882353782653809
1592471911.2222252,0.0,-1.5882353782653809
1592471911.2322223,0.0,-1.5882353782653809
1592471911.242219,0.0,-1.5882353782653809
1592471911.252247,0.0,-1.5882353782653809
1592471911.2622404,0.0,-1.5882353782653809
1592471911.2722263,0.0,-1.5882353782653809
1592471911.2822309,0.0,-1.5882353782653809
1592471911.2922146,0.0,-1.5882353782653809
1592471911.3022084,0.0,-1.5882353782653809
1592471911.3122222,0.0,-1.5882353782653809
1592471911.322245,0.0,-1.5882353782653809
1592471911.3322134,0.0,-1.5882353782653809
1592471911.342221,0.0,-1.5882353782653809
1592471911.3522193,0.0,-1.5882353782653809
1592471911.3621993,0.0,-1.5882353782653809
1592471911.3722095,0.0,-1.5882353782653809
1592471911.3821914,0.0,-1.5882353782653809
1592471911.3922186,0.0,-1.5882353782653809
1592471911.4022188,0.0,-1.5882353782653809
1592471911.412222,0.0,-1.5882353782653809
1592471911.422196,0.0,-1.5882353782653809
1592471911.4321747,0.0,-1.5882353782653809
1592471911.4422183,0.0,-1.5882353782653809
1592471911.4522312,0.0,-1.5882353782653809
1592471911.4622538,0.0,-1.5882353782653809
1592471911.4721956,0.0,-1.5882353782653809
1592471911.482221,0.0,-1.5882353782653809
1592471911.4921746,0.0,-1.5882353782653809
1592471911.5022418,0.0,-1.5882353782653809
1592471911.5122306,0.0,-1.5882353782653809
1592471911.5222225,0.0,-1.5882353782653809
1592471911.5322409,0.0,-1.5882353782653809
1592471911.5422192,0.0,-1.5882353782653809
1592471911.5522172,0.0,-1.5882353782653809
1592471911.563187,0.0,-1.5882353782653809
1592471911.5721993,0.0,-1.5882353782653809
1592471911.5822172,0.0,-1.5882353782653809
1592471911.5922265,0.0,-1.5882353782653809
1592471911.6022027,0.0,-1.5882353782653809
1592471911.6122186,0.0,-1.5882353782653809
1592471911.6222086,0.0,-1.5882353782653809
1592471911.6322236,0.0,-1.5882353782653809
1592471911.6422272,0.0,-1.5882353782653809
1592471911.6525154,0.0,-1.5882353782653809
1592471911.6622229,0.0,-1.5882353782653809
1592471911.6742582,0.0,-1.5882353782653809
1592471911.6802044,0.0,-1.5882353782653809
1592471911.6922452,0.0,-1.5882353782653809
1592471911.7021961,0.0,-1.5882353782653809
1592471911.7122247,0.0,-1.5882353782653809
1592471911.7222238,0.0,-1.5882353782653809
1592471911.732233,0.0,-1.5882353782653809
1592471911.7421846,0.0,-1.5882353782653809
1592471911.752197,0.0,-1.5882353782653809
1592471911.7621894,0.0,-1.5882353782653809
1592471911.77222,0.0,-1.5882353782653809
1592471911.7822187,0.0,-1.5882353782653809
1592471911.7922137,0.0,-1.5882353782653809
1592471911.8022246,0.0,-1.5882353782653809
1592471911.8122132,0.0,-1.5882353782653809
1592471911.8222322,0.0,-1.5882353782653809
1592471911.8322186,0.0,-1.5882353782653809
1592471911.8421767,0.0,-1.5882353782653809
1592471911.853407,0.0,-1.5882353782653809
1592471911.860229,0.0,-1.5882353782653809
1592471911.8721983,0.0,-1.5882353782653809
1592471911.8822305,0.0,-1.5882353782653809
1592471911.8921888,0.0,-1.5882353782653809
1592471911.9022346,0.0,-1.5882353782653809
1592471911.9122436,0.0,-1.5882353782653809
1592471911.9222615,0.0,-1.5882353782653809
1592471911.9321785,0.0,-1.5882353782653809
1592471911.9422185,0.0,-1.5882353782653809
1592471911.952218,0.0,-1.5882353782653809
1592471911.9622374,0.0,-1.5882353782653809
1592471911.972223,0.0,-1.5882353782653809
1592471911.9822202,0.0,-1.5882353782653809
1592471911.9921818,0.0,-1.5882353782653809
1592471912.0022287,0.0,-1.5882353782653809
1592471912.0122225,0.0,-1.5882353782653809
1592471912.0280147,0.0,-1.5882353782653809
1592471912.0301223,0.0,-1.5882353782653809
1592471912.042189,0.0,-1.5882353782653809
1592471912.0521414,0.0,-1.5882353782653809
1592471912.062132,0.0,-1.5882353782653809
1592471912.072145,0.0,-1.5882353782653809
1592471912.082148,0.0,-1.5882353782653809
1592471912.092157,0.0,-1.5882353782653809
1592471912.1021504,0.0,-1.5882353782653809
1592471912.1121533,0.0,-1.5882353782653809
1592471912.1222064,0.0,-1.5882353782653809
1592471912.1321359,0.0,-1.5882353782653809
1592471912.1421525,0.0,-1.5882353782653809
1592471912.1521518,0.0,-1.5882353782653809
1592471912.1621482,0.0,-1.5882353782653809
1592471912.1721306,0.0,-1.5882353782653809
1592471912.1821568,0.0,-1.5882353782653809
1592471912.1921558,0.0,-1.5882353782653809
1592471912.202122,0.0,-1.5882353782653809
1592471912.2121515,0.0,-1.5882353782653809
1592471912.2221155,0.0,-1.5882353782653809
1592471912.2321486,0.0,-1.5882353782653809
1592471912.2421486,0.0,-1.5882353782653809
1592471912.2521436,0.0,-1.5882353782653809
1592471912.2621675,0.0,-1.5882353782653809
1592471912.2722304,0.0,-1.5882353782653809
1592471912.2821558,0.0,-1.5882353782653809
1592471912.2921546,0.0,-1.5882353782653809
1592471912.3021336,0.0,-1.5882353782653809
1592471912.3141475,0.0,-1.5882353782653809
1592471912.3221984,0.0,-1.5882353782653809
1592471912.3321872,0.0,-1.5882353782653809
1592471912.3421936,0.0,-1.5882353782653809
1592471912.3521779,0.0,-1.5882353782653809
1592471912.3622103,0.0,-1.5882353782653809
1592471912.3722053,0.0,-1.5882353782653809
1592471912.3821957,0.0,-1.5882353782653809
1592471912.3921657,0.0,-1.5882353782653809
1592471912.4021425,0.0,-1.5882353782653809
1592471912.4121885,0.0,-1.5882353782653809
1592471912.4221718,0.0,-1.5882353782653809
1592471912.4321902,0.0,-1.5882353782653809
1592471912.4421854,0.0,-1.5882353782653809
1592471912.4521916,0.0,-1.5882353782653809
1592471912.4622045,0.0,-1.5882353782653809
1592471912.4721549,0.0,-1.5882353782653809
1592471912.4821832,0.0,-1.5882353782653809
1592471912.4921875,0.0,-1.5882353782653809
1592471912.5021913,0.0,-1.5882353782653809
1592471912.512193,0.0,-1.5882353782653809
1592471912.5221848,0.0,-1.5882353782653809
1592471912.5321848,0.0,-1.5882353782653809
1592471912.5422444,0.0,-1.5882353782653809
1592471912.5521433,0.0,-1.5882353782653809
1592471912.5622737,0.0,-1.5882353782653809
1592471912.5721576,0.0,-1.5882353782653809
1592471912.5821486,0.0,-1.5882353782653809
1592471912.5922046,0.0,-1.5882353782653809
1592471912.6021547,0.0,-1.5882353782653809
1592471912.6121433,0.0,-1.5882353782653809
1592471912.6221924,0.0,-1.5882353782653809
1592471912.632142,0.0,-1.5882353782653809
1592471912.6421902,0.0,-1.5882353782653809
1592471912.6522257,0.0,-1.5882353782653809
1592471912.6622622,0.0,-1.5882353782653809
1592471912.672178,0.0,-1.5882353782653809
1592471912.682167,0.0,-1.5882353782653809
1592471912.6921945,0.0,-1.5882353782653809
1592471912.7021766,0.0,-1.5882353782653809
1592471912.7121515,0.0,-1.5882353782653809
1592471912.7221732,0.0,-1.5882353782653809
1592471912.7321916,0.0,-1.5882353782653809
1592471912.7421854,0.0,-1.5882353782653809
1592471912.7521803,0.0,-1.5882353782653809
1592471912.7621787,0.0,-1.5882353782653809
1592471912.7721875,0.0,-1.5882353782653809
1592471912.7821896,0.0,-1.5882353782653809
1592471912.7921844,0.0,-1.5882353782653809
1592471912.8021836,0.0,-1.5882353782653809
1592471912.8121834,0.0,-1.5882353782653809
1592471912.8221488,0.0,-1.5882353782653809
1592471912.8321335,0.0,-1.5882353782653809
1592471912.8421714,0.0,-1.5882353782653809
1592471912.8521454,0.0,-1.5882353782653809
1592471912.862352,0.0,-1.5882353782653809
1592471912.872214,0.0,-1.5882353782653809
1592471912.8821995,0.0,-1.5882353782653809
1592471912.8921754,0.0,-1.5882353782653809
1592471912.9021876,0.0,-1.5882353782653809
1592471912.9121633,0.0,-1.5882353782653809
1592471912.9222062,0.0,-1.5882353782653809
1592471912.9321709,0.0,-1.5882353782653809
1592471912.9421954,0.0,-1.5882353782653809
1592471912.9530203,0.0,-1.5882353782653809
1592471912.962152,0.0,-1.5882353782653809
1592471912.9721751,0.0,-1.5882353782653809
1592471912.9821908,0.0,-1.5882353782653809
1592471912.992199,0.0,-1.5882353782653809
1592471913.002196,0.0,-1.5882353782653809
1592471913.0121613,0.0,-1.5882353782653809
1592471913.022186,0.0,-1.5882353782653809
1592471913.0321822,0.0,-1.5882353782653809
1592471913.0421903,0.0,-1.5882353782653809
1592471913.052162,0.0,-1.5882353782653809
1592471913.0623457,0.0,-1.5882353782653809
1592471913.0721626,0.0,-1.5882353782653809
1592471913.0821908,0.0,-1.5882353782653809
1592471913.0921855,0.0,-1.5882353782653809
1592471913.1021948,0.0,-1.5882353782653809
1592471913.1124587,0.0,-1.5882353782653809
1592471913.1222239,0.0,-1.5882353782653809
1592471913.132173,0.0,-1.5882353782653809
1592471913.142566,0.0,-1.5882353782653809
1592471913.1521401,0.0,-1.5882353782653809
1592471913.1621652,0.0,-1.5882353782653809
1592471913.1721907,0.0,-1.5882353782653809
1592471913.182495,0.0,-1.5882353782653809
1592471913.194035,0.0,-1.5882353782653809
1592471913.2001965,0.0,-1.5882353782653809
1592471913.2129014,0.0,-1.5882353782653809
1592471913.2221968,0.0,-1.5882353782653809
1592471913.2321634,0.0,-1.5882353782653809
1592471913.242186,0.0,-1.5882353782653809
1592471913.2522302,0.0,-1.5882353782653809
1592471913.2621503,0.0,-1.5882353782653809
1592471913.2722197,0.0,-1.5882353782653809
1592471913.2821853,0.0,-1.5882353782653809
1592471913.2921758,0.0,-1.5882353782653809
1592471913.3021667,0.0,-1.5882353782653809
1592471913.3121352,0.0,-1.5882353782653809
1592471913.3222113,0.0,-1.5882353782653809
1592471913.3321385,0.0,-1.5882353782653809
1592471913.3421867,0.0,-1.5882353782653809
1592471913.3521616,0.0,-1.5882353782653809
1592471913.3621716,0.0,-1.5882353782653809
1592471913.3721807,0.0,-1.5882353782653809
1592471913.3822455,0.0,-1.5882353782653809
1592471913.3921864,0.0,-1.5882353782653809
1592471913.4021826,0.0,-1.5882353782653809
1592471913.4121714,0.0,-1.5882353782653809
1592471913.4221556,0.0,-1.5882353782653809
1592471913.4322164,0.0,-1.5882353782653809
1592471913.4421842,0.0,-1.5882353782653809
1592471913.4522326,0.0,-1.5882353782653809
1592471913.4621942,0.0,-1.5882353782653809
1592471913.472185,0.0,-1.5882353782653809
1592471913.4821808,0.0,-1.5882353782653809
1592471913.4921758,0.0,-1.5882353782653809
1592471913.5021932,0.0,-1.5882353782653809
1592471913.51219,0.0,-1.5882353782653809
1592471913.5222042,0.0,-1.5882353782653809
1592471913.5321846,0.0,-1.5882353782653809
1592471913.5421875,0.0,-1.5882353782653809
1592471913.5521905,0.0,-1.5882353782653809
1592471913.5621867,0.0,-1.5882353782653809
1592471913.5721564,0.0,-1.5882353782653809
1592471913.5821674,0.0,-1.5882353782653809
1592471913.5921423,0.0,-1.5882353782653809
1592471913.6021905,0.0,-1.5882353782653809
1592471913.612205,0.0,-1.5882353782653809
1592471913.6221914,0.0,-1.5882353782653809
1592471913.632186,0.0,-1.5882353782653809
1592471913.6421893,0.0,-1.5882353782653809
1592471913.6522055,0.0,-1.5882353782653809
1592471913.662207,0.0,-1.5882353782653809
1592471913.6722066,0.0,-1.5882353782653809
1592471913.6821916,0.0,-1.5882353782653809
1592471913.6921399,0.0,-1.5882353782653809
1592471913.7021995,0.0,-1.5882353782653809
1592471913.712199,0.0,-1.5882353782653809
1592471913.722223,0.0,-1.5882353782653809
1592471913.7321887,0.0,-1.5882353782653809
1592471913.742204,0.0,-1.5882353782653809
1592471913.7521493,0.0,-1.5882353782653809
1592471913.7621562,0.0,-1.5882353782653809
1592471913.7721622,0.0,-1.5882353782653809
1592471913.7821436,0.0,-1.5882353782653809
1592471913.7921944,0.0,-1.5882353782653809
1592471913.8021972,0.0,-1.5882353782653809
1592471913.8121707,0.0,-1.5882353782653809
1592471913.822177,0.0,-1.5882353782653809
1592471913.8321855,0.0,-1.5882353782653809
1592471913.8421884,0.0,-1.5882353782653809
1592471913.852243,0.0,-1.5882353782653809
1592471913.8621583,0.0,-1.5882353782653809
1592471913.8721373,0.0,-1.5882353782653809
1592471913.882191,0.0,-1.5882353782653809
1592471913.8921843,0.0,-1.5882353782653809
1592471913.9021883,0.0,-1.5882353782653809
1592471913.9121888,0.0,-1.5882353782653809
1592471913.9222355,0.0,-1.5882353782653809
1592471913.9321833,0.0,-1.5882353782653809
1592471913.9421809,0.0,-1.5882353782653809
1592471913.9521549,0.0,-1.5882353782653809
1592471913.9621413,0.0,-1.5882353782653809
1592471913.9721975,0.0,-1.5882353782653809
1592471913.9821858,0.0,-1.5882353782653809
1592471913.9921486,0.0,-1.5882353782653809
1592471914.0021482,0.0,-1.5882353782653809
1592471914.0121896,0.0,-1.5882353782653809
1592471914.0221941,0.0,-1.5882353782653809
1592471914.0321395,0.0,-1.5882353782653809
1592471914.0421872,0.0,-1.5882353782653809
1592471914.0521913,0.0,-1.5882353782653809
1592471914.0621784,0.0,-1.5882353782653809
1592471914.0721889,0.0,-1.5882353782653809
1592471914.082143,0.0,-1.5882353782653809
1592471914.0921676,0.0,-1.5882353782653809
1592471914.1043952,0.0,-1.5882353782653809
1592471914.1101856,0.0,-1.5882353782653809
1592471914.1222153,0.0,-1.5882353782653809
1592471914.1321692,0.0,-1.5882353782653809
1592471914.1421876,0.0,-1.5882353782653809
1592471914.1521664,0.0,-1.5882353782653809
1592471914.1621823,0.0,-1.5882353782653809
1592471914.1721413,0.0,-1.5882353782653809
1592471914.1821856,0.0,-1.5882353782653809
1592471914.1921947,0.0,-1.5882353782653809
1592471914.2021852,0.0,-1.5882353782653809
1592471914.212149,0.0,-1.5882353782653809
1592471914.2221906,0.0,-1.5882353782653809
1592471914.2321448,0.0,-1.5882353782653809
1592471914.242179,0.0,-1.5882353782653809
1592471914.252192,0.0,-1.5882353782653809
1592471914.262188,0.0,-1.5882353782653809
1592471914.2721546,0.0,-1.5882353782653809
1592471914.2825763,0.0,-1.5882353782653809
1592471914.2921703,0.0,-1.5882353782653809
1592471914.302183,0.0,-1.5882353782653809
1592471914.3122094,0.0,-1.5882353782653809
1592471914.3221712,0.0,-1.5882353782653809
1592471914.3321676,0.0,-1.5882353782653809
1592471914.3421717,0.0,-1.5882353782653809
1592471914.352191,0.0,-1.5882353782653809
1592471914.3621538,0.0,-1.5882353782653809
1592471914.372156,0.0,-1.5882353782653809
1592471914.3822002,0.0,-1.5882353782653809
1592471914.394247,0.0,-1.5882353782653809
1592471914.4022117,0.0,-1.5882353782653809
1592471914.4122548,0.0,-1.5882353782653809
1592471914.4222126,0.0,-1.5882353782653809
1592471914.4322126,0.0,-1.5882353782653809
1592471914.4422083,0.0,-1.5882353782653809
1592471914.452225,0.0,-1.5882353782653809
1592471914.4621933,0.0,-1.5882353782653809
1592471914.4722333,0.0,-1.5882353782653809
1592471914.4822202,0.0,-1.5882353782653809
1592471914.4922037,0.0,-1.5882353782653809
1592471914.5021644,0.0,-1.5882353782653809
1592471914.5121796,0.0,-1.5882353782653809
1592471914.5222335,0.0,-1.5882353782653809
1592471914.5350277,0.0,-1.5882353782653809
1592471914.5430317,0.0,-1.5882353782653809
1592471914.5530207,0.0,-1.5882353782653809
1592471914.5630207,0.0,-1.5882353782653809
1592471914.5729926,0.0,-1.5882353782653809
1592471914.5830288,0.0,-1.5882353782653809
1592471914.5930188,0.0,-1.5882353782653809
1592471914.6031022,0.0,-1.5882353782653809
1592471914.613021,0.0,-1.5882353782653809
1592471914.6230502,0.0,-1.5882353782653809
1592471914.6330142,0.0,-1.5882353782653809
1592471914.6430006,0.0,-1.5882353782653809
1592471914.6530106,0.0,-1.5882353782653809
1592471914.6664164,0.0,-1.5882353782653809
1592471914.672153,0.0,-1.5882353782653809
1592471914.6822228,0.0,-1.5882353782653809
1592471914.6921978,0.0,-1.5882353782653809
1592471914.7022028,0.0,-1.5882353782653809
1592471914.7121968,0.0,-1.5882353782653809
1592471914.722245,0.0,-1.5882353782653809
1592471914.7321513,0.0,-1.5882353782653809
1592471914.742161,0.0,-1.5882353782653809
1592471914.7555814,0.0,-1.5882353782653809
1592471914.76211,0.0,-1.5882353782653809
1592471914.772098,0.0,-1.5882353782653809
1592471914.782061,0.0,-1.5882353782653809
1592471914.7920573,0.0,-1.5882353782653809
1592471914.8021157,0.0,-1.5882353782653809
1592471914.8121107,0.0,-1.5882353782653809
1592471914.8221,0.0,-1.5882353782653809
1592471914.8321168,0.0,-1.5882353782653809
1592471914.8421373,0.0,-1.5882353782653809
1592471914.8520923,0.0,-1.5882353782653809
1592471914.8620899,0.0,-1.5882353782653809
1592471914.8721032,0.0,-1.5882353782653809
1592471914.8835363,0.0,-1.5882353782653809
1592471914.8901033,0.0,-1.5882353782653809
1592471914.9020898,0.0,-1.5882353782653809
1592471914.9121113,0.0,-1.5882353782653809
1592471914.9221225,0.0,-1.5882353782653809
1592471914.9341185,0.0,-1.5882353782653809
1592471914.942136,0.0,-1.5882353782653809
1592471914.952145,0.0,-1.5882353782653809
1592471914.9620943,0.0,-1.5882353782653809
1592471914.9721305,0.0,-1.5882353782653809
1592471914.9820778,0.0,-1.5882353782653809
1592471914.9921482,0.0,-1.5882353782653809
1592471915.0021079,0.0,-1.5882353782653809
1592471915.0121205,0.0,-1.5882353782653809
1592471915.0221314,0.0,-1.5882353782653809
1592471915.03212,0.0,-1.5882353782653809
1592471915.0421185,0.0,-1.5882353782653809
1592471915.0521238,0.0,-1.5882353782653809
1592471915.0620847,0.0,-1.5882353782653809
1592471915.072095,0.0,-1.5882353782653809
1592471915.0821056,0.0,-1.5882353782653809
1592471915.0920813,0.0,-1.5882353782653809
1592471915.102133,0.0,-1.5882353782653809
1592471915.1121159,0.0,-1.5882353782653809
1592471915.1220975,0.0,-1.5882353782653809
1592471915.1321223,0.0,-1.5882353782653809
1592471915.1421235,0.0,-1.5882353782653809
1592471915.1521266,0.0,-1.5882353782653809
1592471915.162117,0.0,-1.5882353782653809
1592471915.1720755,0.0,-1.5882353782653809
1592471915.1821194,0.0,-1.5882353782653809
1592471915.1920993,0.0,-1.5882353782653809
1592471915.2021487,0.0,-1.5882353782653809
1592471915.2121296,0.0,-1.5882353782653809
1592471915.2221363,0.0,-1.5882353782653809
1592471915.2321265,0.0,-1.5882353782653809
1592471915.2421374,0.0,-1.5882353782653809
1592471915.2538676,0.0,-1.5882353782653809
1592471915.2601566,0.0,-1.5882353782653809
1592471915.2720857,0.0,-1.5882353782653809
1592471915.282113,0.0,-1.5882353782653809
1592471915.2921526,0.0,-1.5882353782653809
1592471915.3021457,0.0,-1.5882353782653809
1592471915.3120868,0.0,-1.5882353782653809
1592471915.3222075,0.0,-1.5882353782653809
1592471915.3342028,0.0,-1.5882353782653809
1592471915.3422127,0.0,-1.5882353782653809
1592471915.3521674,0.0,-1.5882353782653809
1592471915.3622236,0.0,-1.5882353782653809
1592471915.3722217,0.0,-1.5882353782653809
1592471915.3822176,0.0,-1.5882353782653809
1592471915.3941417,0.0,-1.5882353782653809
1592471915.4002147,0.0,-1.5882353782653809
1592471915.4140236,0.0,-1.5882353782653809
1592471915.4201605,0.0,-1.5882353782653809
1592471915.4326792,0.0,-1.5882353782653809
1592471915.4421763,0.0,-1.5882353782653809
1592471915.4522135,0.0,-1.5882353782653809
1592471915.462305,0.0,-1.5882353782653809
1592471915.472209,0.0,-1.5882353782653809
1592471915.482188,0.0,-1.5882353782653809
1592471915.4947329,0.0,-1.5882353782653809
1592471915.5028043,0.0,-1.5882353782653809
1592471915.5127878,0.0,-1.5882353782653809
1592471915.5232,0.0,-1.5882353782653809
1592471915.5327227,0.0,-1.5882353782653809
1592471915.5427291,0.0,-1.5882353782653809
1592471915.5527778,0.0,-1.5882353782653809
1592471915.5627606,0.0,-1.5882353782653809
1592471915.5727355,0.0,-1.5882353782653809
1592471915.582743,0.0,-1.5882353782653809
1592471915.5927515,0.0,-1.5882353782653809
1592471915.6027262,0.0,-1.5882353782653809
1592471915.6171806,0.0,-1.5882353782653809
1592471915.6232023,0.0,-1.5882353782653809
1592471915.6331744,0.0,-1.5882353782653809
1592471915.64317,0.0,-1.5882353782653809
1592471915.6532004,0.0,-1.5882353782653809
1592471915.663196,0.0,-1.5882353782653809
1592471915.6731813,0.0,-1.5882353782653809
1592471915.6832042,0.0,-1.5882353782653809
1592471915.6931632,0.0,-1.5882353782653809
1592471915.7031996,0.0,-1.5882353782653809
1592471915.7131844,0.0,-1.5882353782653809
1592471915.723209,0.0,-1.5882353782653809
1592471915.7332,0.0,-1.5882353782653809
1592471915.743177,0.0,-1.5882353782653809
1592471915.754072,0.0,-1.5882353782653809
1592471915.7660775,0.0,-1.5882353782653809
1592471915.7721128,0.0,-1.5882353782653809
1592471915.7821193,0.0,-1.5882353782653809
1592471915.7920983,0.0,-1.5882353782653809
1592471915.8021162,0.0,-1.5882353782653809
1592471915.8121052,0.0,-1.5882353782653809
1592471915.8221252,0.0,-1.5882353782653809
1592471915.832121,0.0,-1.5882353782653809
1592471915.8421156,0.0,-1.5882353782653809
1592471915.852282,0.0,-1.5882353782653809
1592471915.862119,0.0,-1.5882353782653809
1592471915.8736577,0.0,-1.5882353782653809
1592471915.8801064,0.0,-1.5882353782653809
1592471915.8920789,0.0,-1.5882353782653809
1592471915.9042797,0.0,-1.5882353782653809
1592471915.91225,0.0,-1.5882353782653809
1592471915.922293,0.0,-1.5882353782653809
1592471915.9322982,0.0,-1.5882353782653809
1592471915.9423056,0.0,-1.5882353782653809
1592471915.9524262,0.0,-1.5882353782653809
1592471915.9622989,0.0,-1.5882353782653809
1592471915.9722943,0.0,-1.5882353782653809
1592471915.9823074,0.0,-1.5882353782653809
1592471915.9923103,0.0,-1.5882353782653809
1592471916.0023024,0.0,-1.5882353782653809
1592471916.012294,0.0,-1.5882353782653809
1592471916.0238853,0.0,-1.5882353782653809
1592471916.0302823,0.0,-1.5882353782653809
1592471916.0422978,0.0,-1.5882353782653809
1592471916.0523028,0.0,-1.5882353782653809
1592471916.062289,0.0,-1.5882353782653809
1592471916.072304,0.0,-1.5882353782653809
1592471916.0823188,0.0,-1.5882353782653809
1592471916.0923166,0.0,-1.5882353782653809
1592471916.1022918,0.0,-1.5882353782653809
1592471916.1122956,0.0,-1.5882353782653809
1592471916.1223,0.0,-1.5882353782653809
1592471916.1323152,0.0,-1.5882353782653809
1592471916.1422913,0.0,-1.5882353782653809
1592471916.1559672,0.0,-1.5882353782653809
1592471916.1619363,0.0,-1.5882353782653809
1592471916.171963,0.0,-1.5882353782653809
1592471916.182011,0.0,-1.5882353782653809
1592471916.1919932,0.0,-1.5882353782653809
1592471916.2019792,0.0,-1.5882353782653809
1592471916.211935,0.0,-1.5882353782653809
1592471916.221946,0.0,-1.5882353782653809
1592471916.231969,0.0,-1.5882353782653809
1592471916.2419395,0.0,-1.5882353782653809
1592471916.2519631,0.0,-1.5882353782653809
1592471916.2619264,0.0,-1.5882353782653809
1592471916.2722383,0.0,-1.5882353782653809
1592471916.282,0.0,-1.5882353782653809
1592471916.2919672,0.0,-1.5882353782653809
1592471916.3020108,0.0,-1.5882353782653809
1592471916.3119376,0.0,-1.5882353782653809
1592471916.3220506,0.0,-1.5882353782653809
1592471916.3319802,0.0,-1.5882353782653809
1592471916.3420117,0.0,-1.5882353782653809
1592471916.3519423,0.0,-1.5882353782653809
1592471916.362009,0.0,-1.5882353782653809
1592471916.371962,0.0,-1.5882353782653809
1592471916.3820117,0.0,-1.5882353782653809
1592471916.3919716,0.0,-1.5882353782653809
1592471916.4020183,0.0,-1.5882353782653809
1592471916.4119685,0.0,-1.5882353782653809
1592471916.4220414,0.0,-1.5882353782653809
1592471916.4319088,0.0,-1.5882353782653809
1592471916.4419873,0.0,-1.5882353782653809
1592471916.4519708,0.0,-1.5882353782653809
1592471916.462788,0.0,-1.5882353782653809
1592471916.4719713,0.0,-1.5882353782653809
1592471916.4820032,0.0,-1.5882353782653809
1592471916.4919724,0.0,-1.5882353782653809
1592471916.5021114,0.0,-1.5882353782653809
1592471916.5119684,0.0,-1.5882353782653809
1592471916.522019,0.0,-1.5882353782653809
1592471916.534256,0.0,-1.5882353782653809
1592471916.5421631,0.0,-1.5882353782653809
1592471916.5521579,0.0,-1.5882353782653809
1592471916.5621467,0.0,-1.5882353782653809
1592471916.572143,0.0,-1.5882353782653809
1592471916.5821414,0.0,-1.5882353782653809
1592471916.5922022,0.0,-1.5882353782653809
1592471916.6021152,0.0,-1.5882353782653809
1592471916.612142,0.0,-1.5882353782653809
1592471916.6221373,0.0,-1.5882353782653809
1592471916.6321504,0.0,-1.5882353782653809
1592471916.642104,0.0,-1.5882353782653809
1592471916.6521773,0.0,-1.5882353782653809
1592471916.6621516,0.0,-1.5882353782653809
1592471916.672146,0.0,-1.5882353782653809
1592471916.6821687,0.0,-1.5882353782653809
1592471916.692172,0.0,-1.5882353782653809
1592471916.7061453,0.0,-1.5882353782653809
1592471916.7121575,0.0,-1.5882353782653809
1592471916.7221553,0.0,-1.5882353782653809
1592471916.7321403,0.0,-1.5882353782653809
1592471916.7422025,0.0,-1.5882353782653809
1592471916.7521398,0.0,-1.5882353782653809
1592471916.762179,0.0,-1.5882353782653809
1592471916.7721179,0.0,-1.5882353782653809
1592471916.7821376,0.0,-1.5882353782653809
1592471916.793263,0.0,-1.5882353782653809
1592471916.8001137,0.0,-1.5882353782653809
1592471916.8121355,0.0,-1.5882353782653809
1592471916.8221362,0.0,-1.5882353782653809
1592471916.8321102,0.0,-1.5882353782653809
1592471916.8421245,0.0,-1.5882353782653809
1592471916.8521378,0.0,-1.5882353782653809
1592471916.8621495,0.0,-1.5882353782653809
1592471916.8721547,0.0,-1.5882353782653809
1592471916.882138,0.0,-1.5882353782653809
1592471916.8921328,0.0,-1.5882353782653809
1592471916.902133,0.0,-1.5882353782653809
1592471916.9121356,0.0,-1.5882353782653809
1592471916.9221718,0.0,-1.5882353782653809
1592471916.932196,0.0,-1.5882353782653809
1592471916.942137,0.0,-1.5882353782653809
1592471916.9521425,0.0,-1.5882353782653809
1592471916.9621353,0.0,-1.5882353782653809
1592471916.9748764,0.0,-1.5882353782653809
1592471916.982837,0.0,-1.5882353782653809
1592471916.9928908,0.0,-1.5882353782653809
1592471917.0030305,0.0,-1.5882353782653809
1592471917.0130754,0.0,-1.5882353782653809
1592471917.0228732,0.0,-1.5882353782653809
1592471917.0328648,0.0,-1.5882353782653809
1592471917.0428576,0.0,-1.5882353782653809
1592471917.0528972,0.0,-1.5882353782653809
1592471917.06289,0.0,-1.5882353782653809
1592471917.0728993,0.0,-1.5882353782653809
1592471917.0828955,0.0,-1.5882353782653809
1592471917.0928814,0.0,-1.5882353782653809
1592471917.1028745,0.0,-1.5882353782653809
1592471917.1128829,0.0,-1.5882353782653809
1592471917.1228826,0.0,-1.5882353782653809
1592471917.13287,0.0,-1.5882353782653809
1592471917.1428616,0.0,-1.5882353782653809
1592471917.152881,0.0,-1.5882353782653809
1592471917.1643898,0.0,-1.5882353782653809
1592471917.170882,0.0,-1.5882353782653809
1592471917.1828978,0.0,-1.5882353782653809
1592471917.192891,0.0,-1.5882353782653809
1592471917.2028868,0.0,-1.5882353782653809
1592471917.2129002,0.0,-1.5882353782653809
1592471917.2228913,0.0,-1.5882353782653809
1592471917.232859,0.0,-1.5882353782653809
1592471917.242898,0.0,-1.5882353782653809
1592471917.2528772,0.0,-1.5882353782653809
1592471917.2628589,0.0,-1.5882353782653809
1592471917.2728925,0.0,-1.5882353782653809
1592471917.2828443,0.0,-1.5882353782653809
1592471917.2929006,0.0,-1.5882353782653809
1592471917.3028867,0.0,-1.5882353782653809
1592471917.312901,0.0,-1.5882353782653809
1592471917.3231292,0.0,-1.5882353782653809
1592471917.3328834,0.0,-1.5882353782653809
1592471917.3428843,0.0,-1.5882353782653809
1592471917.3528476,0.0,-1.5882353782653809
1592471917.3628752,0.0,-1.5882353782653809
1592471917.372856,0.0,-1.5882353782653809
1592471917.382893,0.0,-1.5882353782653809
1592471917.3928869,0.0,-1.4941177368164062
1592471917.4029021,0.0,-1.4941177368164062
1592471917.4129217,0.0,-1.235294222831726
1592471917.4228597,0.0,-1.235294222831726
1592471917.4328887,0.0,-1.0352941751480103
1592471917.442885,0.0,-0.9647059440612793
1592471917.453837,0.0,-0.9647059440612793
1592471917.4608765,0.0,-0.8823530077934265
1592471917.472862,0.0,-0.8470588326454163
1592471917.4828494,0.0,-0.8470588326454163
1592471917.4928508,0.0,-0.7529411911964417
1592471917.5028546,0.0,-0.7529411911964417
1592471917.5128412,0.0,-0.658823549747467
1592471917.5228996,0.0,-0.6235294342041016
1592471917.532886,0.0,-0.6235294342041016
1592471917.5429368,0.0,-0.5411764979362488
1592471917.552877,0.0,-0.4941176772117615
1592471917.5628393,0.0,-0.4941176772117615
1592471917.5728796,0.0,-0.43529415130615234
1592471917.582891,0.0,-0.4000000059604645
1592471917.5928576,0.0,-0.4000000059604645
1592471917.6028929,0.0,-0.3294117748737335
1592471917.6128566,0.0,-0.30588236451148987
1592471917.622882,0.0,-0.30588236451148987
1592471917.632893,0.0,-0.2705882489681244
1592471917.642862,0.0,-0.2705882489681244
1592471917.653445,0.0,-0.22352942824363708
1592471917.6608808,0.0,-0.20000000298023224
1592471917.672906,0.0,-0.20000000298023224
1592471917.6828377,0.0,-0.15294118225574493
1592471917.692869,0.0,-0.1411764770746231
1592471917.7028916,0.0,-0.1411764770746231
1592471917.712886,0.0,-0.11764706671237946
1592471917.7229116,0.0,-0.10588235408067703
1592471917.7328386,0.0,-0.10588235408067703
1592471917.74508,0.0,-0.07058823853731155
1592471917.7508407,0.0,-0.07058823853731155
1592471917.7628536,0.0,-0.0470588244497776
1592471917.7728264,0.0,-0.0470588244497776
1592471917.7828915,0.0,-0.0470588244497776
1592471917.792916,0.0,-0.0470588244497776
1592471917.803107,0.0,-0.0470588244497776
1592471917.8128622,0.0,-0.0470588244497776
1592471917.822888,0.0,-0.0470588244497776
1592471917.8328772,0.0,-0.03529411926865578
1592471917.842878,0.0,-0.03529411926865578
1592471917.8529532,0.0,-0.03529411926865578
1592471917.8628628,0.0,-0.03529411926865578
1592471917.8728843,0.0,-0.0235294122248888
1592471917.8828866,0.0,-0.0235294122248888
1592471917.892892,0.0,-0.0235294122248888
1592471917.9028416,0.0,-0.0117647061124444
1592471917.912833,0.0,-0.0117647061124444
1592471917.9229116,0.0,-0.0117647061124444
1592471917.9328728,0.0,-0.0
1592471917.9428887,0.0,-0.0
1592471917.952874,0.0,-0.0
1592471917.9660158,0.0,-0.0
1592471917.9688704,0.0,-0.0
1592471917.9829047,0.0,-0.0
1592471917.992876,0.0,-0.0
1592471918.0028973,0.0,-0.0
1592471918.01289,0.0,-0.0
1592471918.022884,0.0,-0.0
1592471918.0382116,0.0,-0.0
1592471918.04226,0.0,-0.0
1592471918.0522082,0.0,-0.0
1592471918.062208,0.0,-0.0
1592471918.0722098,0.0,-0.0
1592471918.0822394,0.0,-0.0
1592471918.0922012,0.0,-0.0
1592471918.102178,0.0,-0.0
1592471918.1126654,0.0,-0.0
1592471918.122219,0.0,-0.0
1592471918.132634,0.0,-0.0
1592471918.1422012,0.0,-0.0
1592471918.1521723,0.0,-0.0
1592471918.162199,0.0,-0.0
1592471918.1721516,0.0,-0.0
1592471918.1822007,0.0,0.0117647061124444
1592471918.1922133,0.0,0.0117647061124444
1592471918.202216,0.0,0.0117647061124444
1592471918.2122033,0.0,0.0117647061124444
1592471918.222209,0.0,0.0117647061124444
1592471918.2322016,0.0,0.0117647061124444
1592471918.242191,0.0,0.0117647061124444
1592471918.2522087,0.0,0.0117647061124444
1592471918.2622485,0.0,0.0117647061124444
1592471918.2721987,0.0,0.0117647061124444
1592471918.2822168,0.0,0.0117647061124444
1592471918.2921715,0.0,0.0117647061124444
1592471918.3021605,0.0,0.0117647061124444
1592471918.3122184,0.0,0.0117647061124444
1592471918.3223915,0.0,0.0117647061124444
1592471918.332233,0.0,0.0117647061124444
1592471918.3421998,0.0,0.0117647061124444
1592471918.3522143,0.0,0.0117647061124444
1592471918.362202,0.0,0.0117647061124444
1592471918.3721974,0.0,0.0117647061124444
1592471918.3822017,0.0,0.0117647061124444
1592471918.3921592,0.0,0.0117647061124444
1592471918.4023554,0.0,0.0117647061124444
1592471918.412204,0.0,0.0117647061124444
1592471918.4222007,0.0,0.0117647061124444
1592471918.4322004,0.0,0.0117647061124444
1592471918.4421587,0.0,0.0117647061124444
1592471918.4540844,0.0,0.0117647061124444
1592471918.4601583,0.0,0.0117647061124444
1592471918.4722157,0.0,0.0117647061124444
1592471918.482207,0.0,0.0117647061124444
1592471918.4922066,0.0,0.0117647061124444
1592471918.502204,0.0,0.0117647061124444
1592471918.5121984,0.0,0.0117647061124444
1592471918.522206,0.0,0.0117647061124444
1592471918.5322127,0.0,0.0117647061124444
1592471918.5421827,0.0,0.0117647061124444
1592471918.5522077,0.0,0.0117647061124444
1592471918.5622072,0.0,0.0117647061124444
1592471918.5721955,0.0,0.0117647061124444
1592471918.5821767,0.0,0.0117647061124444
1592471918.5922112,0.0,0.0117647061124444
1592471918.6032903,0.0,0.0235294122248888
1592471918.6102128,0.0,0.0235294122248888
1592471918.622205,0.0,0.0235294122248888
1592471918.632169,0.0,0.0235294122248888
1592471918.6462214,0.0,0.0235294122248888
1592471918.6535587,0.0,0.0235294122248888
1592471918.6602442,0.0,0.0235294122248888
1592471918.672126,0.0,0.0235294122248888
1592471918.6820953,0.0,0.0235294122248888
1592471918.6921391,0.0,0.0235294122248888
1592471918.7021005,0.0,0.0235294122248888
1592471918.7120929,0.0,0.0235294122248888
1592471918.722152,0.0,0.0235294122248888
1592471918.7321126,0.0,-0.1764705926179886
1592471918.742119,0.0,-0.1764705926179886
1592471918.7521248,0.0,-0.7176470756530762
1592471918.7621171,0.0,-0.9647059440612793
1592471918.7741098,0.0,-0.9647059440612793
1592471918.7820926,0.0,-1.3529412746429443
1592471918.792102,0.0,-1.51764714717865
1592471918.8022034,0.0,-1.51764714717865
1592471918.8121324,0.0,-1.8705883026123047
1592471918.8221858,0.0,-2.0352942943573
1592471918.8321178,0.0,-2.0352942943573
1592471918.8421106,0.0,-2.2941176891326904
1592471918.8521333,0.0,-2.2941176891326904
1592471918.8621507,0.0,-2.55294132232666
1592471918.8721352,0.0,-2.6823530197143555
1592471918.8823135,0.0,-2.6823530197143555
1592471918.8921268,0.02387000061571598,-2.9058825969696045
1592471918.9021308,0.02387000061571598,-3.023529529571533
1592471918.9120827,0.02387000061571598,-3.023529529571533
1592471918.9228342,0.02387000061571598,-3.223529577255249
1592471918.9320729,0.02387000061571598,-3.3176472187042236
1592471918.9421346,0.02387000061571598,-3.3176472187042236
1592471918.952105,0.02387000061571598,-3.4941177368164062
1592471918.962092,0.02387000061571598,-3.4941177368164062
1592471918.9720721,0.02387000061571598,-3.6588237285614014
1592471918.9820905,0.027124999091029167,-3.7411766052246094
1592471918.993396,0.027124999091029167,-3.7411766052246094
1592471919.000087,0.027124999091029167,-3.8705883026123047
1592471919.0120964,0.027124999091029167,-3.9294118881225586
1592471919.0221198,0.027124999091029167,-3.9294118881225586
1592471919.0321229,0.027124999091029167,-4.058823585510254
1592471919.042112,0.027124999091029167,-4.10588264465332
1592471919.052173,0.027124999091029167,-4.10588264465332
1592471919.0621455,0.027124999091029167,-4.211764812469482
1592471919.07208,0.027124999091029167,-4.211764812469482
1592471919.0821223,0.027124999091029167,-4.282352924346924
1592471919.0921097,0.020615000277757645,-4.32941198348999
1592471919.1021233,0.020615000277757645,-4.32941198348999
1592471919.1121306,0.020615000277757645,-4.447059154510498
1592471919.1221588,0.020615000277757645,-4.482353210449219
1592471919.1321175,0.020615000277757645,-4.482353210449219
1592471919.1421275,0.020615000277757645,-4.576470851898193
1592471919.1521122,0.020615000277757645,-4.576470851898193
1592471919.1621745,0.020615000277757645,-4.623529434204102
1592471919.1721208,0.020615000277757645,-4.6588239669799805
1592471919.1820848,0.020615000277757645,-4.6588239669799805
1592471919.1921165,0.0,-4.694118022918701
1592471919.2021015,0.0,-4.694118022918701
1592471919.212094,0.0,-4.694118022918701
1592471919.222118,0.0,-4.694118022918701
1592471919.2321165,0.0,-4.694118022918701
1592471919.2422113,0.0,-4.694118022918701
1592471919.2521288,0.0,-4.705882549285889
1592471919.262101,0.0,-4.705882549285889
1592471919.2735765,0.0,-4.729412078857422
1592471919.2801027,0.0,-4.729412078857422
1592471919.2922726,0.0,-4.729412078857422
1592471919.3020995,0.0,-4.717647075653076
1592471919.312119,0.0,-4.705882549285889
1592471919.3222308,0.0,-4.705882549285889
1592471919.3332198,0.0,-4.694118022918701
1592471919.342128,0.0,-4.694118022918701
1592471919.352126,0.0,-4.694118022918701
1592471919.3621302,0.0,-4.705882549285889
1592471919.3721242,0.0,-4.705882549285889
1592471919.3821254,0.0,-4.694118022918701
1592471919.394028,0.0,-4.694118022918701
1592471919.4001155,0.0,-4.694118022918701
1592471919.4120958,0.0,-4.741176605224609
1592471919.4230502,0.0,-4.729412078857422
1592471919.432121,0.0,-4.729412078857422
1592471919.4429624,0.0,-4.729412078857422
1592471919.452129,0.0,-4.729412078857422
1592471919.462133,0.0,-4.729412078857422
1592471919.4721375,0.0,-4.729412078857422
1592471919.4822156,0.0,-4.729412078857422
1592471919.4921255,0.0,-4.729412078857422
1592471919.5020914,0.0,-4.729412078857422
1592471919.512122,0.0,-4.729412078857422
1592471919.522177,0.0,-4.729412078857422
1592471919.5321226,0.0,-4.729412078857422
1592471919.542168,0.0,-4.729412078857422
1592471919.553692,0.0,-4.729412078857422
1592471919.5601532,0.0,-4.729412078857422
1592471919.5720901,0.0,-4.729412078857422
1592471919.582101,0.0,-4.729412078857422
1592471919.5921361,0.0,-4.729412078857422
1592471919.6021814,0.0,-4.729412078857422
1592471919.6121373,0.0,-4.729412078857422
1592471919.6221254,0.0,-4.729412078857422
1592471919.6321259,0.0,-4.729412078857422
1592471919.642118,0.0,-4.729412078857422
1592471919.6521325,0.0,-4.729412078857422
1592471919.6681519,0.0,-4.729412078857422
1592471919.6721282,0.0,-4.729412078857422
1592471919.6821012,0.0,-4.729412078857422
1592471919.692947,0.0,-4.729412078857422
1592471919.7021327,0.0,-4.729412078857422
1592471919.712097,0.0,-4.729412078857422
1592471919.7262273,0.0,-4.729412078857422
1592471919.7305021,0.0,-4.729412078857422
1592471919.7424593,0.0,-4.729412078857422
1592471919.7524772,0.0,-4.729412078857422
1592471919.7624903,0.0,-4.729412078857422
1592471919.7724698,0.0,-4.729412078857422
1592471919.7824998,0.0,-4.729412078857422
1592471919.7925422,0.0,-4.729412078857422
1592471919.8025765,0.0,-4.729412078857422
1592471919.8125055,0.0,-4.729412078857422
1592471919.8224952,0.0,-4.694118022918701
1592471919.832494,0.0,-4.694118022918701
1592471919.8425033,0.0,-4.694118022918701
1592471919.8525128,0.0,-4.694118022918701
1592471919.8625119,0.0,-4.694118022918701
1592471919.8724604,0.0,-4.694118022918701
1592471919.8824987,0.0,-4.694118022918701
1592471919.8931742,0.0,-4.694118022918701
1592471919.9061534,0.0,-4.694118022918701
1592471919.9121435,0.0,-4.694118022918701
1592471919.923987,0.0,-4.694118022918701
1592471919.930147,0.0,-4.694118022918701
1592471919.9421608,0.0,-4.694118022918701
1592471919.9521594,0.0,-4.694118022918701
1592471919.9621067,0.0,-4.694118022918701
1592471919.972161,0.0,-4.694118022918701
1592471919.9822283,0.0,-4.694118022918701
1592471919.9933221,0.0,-4.694118022918701
1592471920.0001662,0.0,-4.694118022918701
1592471920.0121737,0.0,-4.694118022918701
1592471920.0235264,0.0,-4.694118022918701
1592471920.0301497,0.0,-4.694118022918701
1592471920.0421755,0.0,-4.694118022918701
1592471920.0521348,0.0,-4.694118022918701
1592471920.0621524,0.0,-4.694118022918701
1592471920.0721693,0.0,-4.694118022918701
1592471920.0830057,0.0,-4.694118022918701
1592471920.0921087,0.0,-4.694118022918701
1592471920.1021483,0.0,-4.694118022918701
1592471920.112142,0.0,-4.694118022918701
1592471920.1222475,0.0,-4.694118022918701
1592471920.132957,0.0,-4.694118022918701
1592471920.1421652,0.0,-4.694118022918701
1592471920.1521566,0.0,-4.694118022918701
1592471920.1621294,0.0,-4.694118022918701
1592471920.1721516,0.0,-4.694118022918701
1592471920.1821468,0.0,-4.694118022918701
1592471920.1921806,0.0,-4.694118022918701
1592471920.2021258,0.0,-4.694118022918701
1592471920.2121673,0.0,-4.6588239669799805
1592471920.2221708,0.0,-4.647058963775635
1592471920.2321136,0.0,-4.647058963775635
1592471920.2421684,0.0,-4.647058963775635
1592471920.2540877,0.0,-4.647058963775635
1592471920.2601547,0.0,-4.647058963775635
1592471920.2721622,0.0,-4.647058963775635
1592471920.2821484,0.0,-4.647058963775635
1592471920.292113,0.0,-4.647058963775635
1592471920.3021505,0.0,-4.647058963775635
1592471920.3121126,0.0,-4.647058963775635
1592471920.322194,0.0,-4.647058963775635
1592471920.3321645,0.0,-4.647058963775635
1592471920.3447645,0.0,-4.647058963775635
1592471920.3501184,0.0,-4.647058963775635
1592471920.363025,0.0,-4.647058963775635
1592471920.3721316,0.0,-4.647058963775635
1592471920.38215,0.05533500015735626,-4.647058963775635
1592471920.392216,0.05533500015735626,-4.647058963775635
1592471920.4021606,0.05533500015735626,-4.647058963775635
1592471920.4121184,0.05533500015735626,-4.647058963775635
1592471920.4231548,0.05533500015735626,-4.647058963775635
1592471920.4321475,0.05533500015735626,-4.647058963775635
1592471920.4421513,0.05533500015735626,-4.647058963775635
1592471920.452151,0.05533500015735626,-4.647058963775635
1592471920.462138,0.05533500015735626,-4.647058963775635
1592471920.4721453,0.05533500015735626,-4.647058963775635
1592471920.4821115,0.05533500015735626,-4.647058963775635
1592471920.4930766,0.11609499901533127,-4.647058963775635
1592471920.5026362,0.11609499901533127,-4.647058963775635
1592471920.512855,0.11609499901533127,-4.647058963775635
1592471920.5221894,0.11609499901533127,-4.647058963775635
1592471920.5321214,0.11609499901533127,-4.647058963775635
1592471920.5421407,0.11609499901533127,-4.647058963775635
1592471920.5522513,0.11609499901533127,-4.647058963775635
1592471920.5632405,0.11609499901533127,-4.647058963775635
1592471920.5721586,0.11609499901533127,-4.647058963775635
1592471920.5821478,0.1443050056695938,-4.647058963775635
1592471920.5921173,0.1443050056695938,-4.647058963775635
1592471920.602206,0.1443050056695938,-4.647058963775635
1592471920.612128,0.1443050056695938,-4.647058963775635
1592471920.6221588,0.1443050056695938,-4.647058963775635
1592471920.6321535,0.1443050056695938,-4.647058963775635
1592471920.642112,0.1443050056695938,-4.647058963775635
1592471920.6521423,0.1443050056695938,-4.647058963775635
1592471920.66214,0.1443050056695938,-4.647058963775635
1592471920.6728573,0.1443050056695938,-4.647058963775635
1592471920.682205,0.18987500667572021,-4.647058963775635
1592471920.6921468,0.18987500667572021,-4.647058963775635
1592471920.7021303,0.18987500667572021,-4.647058963775635
1592471920.7121482,0.18987500667572021,-4.647058963775635
1592471920.7221577,0.18987500667572021,-4.647058963775635
1592471920.7329974,0.18987500667572021,-4.647058963775635
1592471920.742247,0.18987500667572021,-4.647058963775635
1592471920.7521744,0.18987500667572021,-4.647058963775635
1592471920.7621357,0.18987500667572021,-4.647058963775635
1592471920.7721472,0.18987500667572021,-4.647058963775635
1592471920.7821395,0.18987500667572021,-4.647058963775635
1592471920.7942083,0.22893500328063965,-4.647058963775635
1592471920.802226,0.22893500328063965,-4.647058963775635
1592471920.8121974,0.22893500328063965,-4.611764907836914
1592471920.8222153,0.22893500328063965,-4.600000381469727
1592471920.8329327,0.22893500328063965,-4.600000381469727
1592471920.8421957,0.22893500328063965,-4.576470851898193
1592471920.8521957,0.22893500328063965,-4.564705848693848
1592471920.862174,0.22893500328063965,-4.564705848693848
1592471920.877307,0.22893500328063965,-4.55294132232666
1592471920.8794622,0.26690998673439026,-4.541176795959473
1592471920.8914442,0.26690998673439026,-4.541176795959473
1592471920.9014313,0.26690998673439026,-4.541176795959473
1592471920.911455,0.26690998673439026,-4.541176795959473
1592471920.9215076,0.26690998673439026,-4.541176795959473
1592471920.93149,0.26690998673439026,-4.541176795959473
1592471920.9414794,0.26690998673439026,-4.541176795959473
1592471920.9514759,0.26690998673439026,-4.541176795959473
1592471920.961486,0.26690998673439026,-4.541176795959473
1592471920.9714773,0.26690998673439026,-4.541176795959473
1592471920.9814382,0.3092249929904938,-4.541176795959473
1592471920.9914522,0.3092249929904938,-4.541176795959473
1592471921.0014899,0.3092249929904938,-4.541176795959473
1592471921.0114746,0.3092249929904938,-4.623529434204102
1592471921.021481,0.3092249929904938,-4.670588493347168
1592471921.0314345,0.3092249929904938,-4.670588493347168
1592471921.0414858,0.3092249929904938,-4.729412078857422
1592471921.0514627,0.3092249929904938,-4.729412078857422
1592471921.061768,0.3092249929904938,-4.77647066116333
1592471921.0714695,0.3092249929904938,-4.800000190734863
1592471921.0814688,0.3092249929904938,-4.800000190734863
1592471921.0914748,0.33417999744415283,-4.84705924987793
1592471921.1014712,0.33417999744415283,-4.835294246673584
1592471921.1114397,0.33417999744415283,-4.835294246673584
1592471921.1214974,0.33417999744415283,-4.729412078857422
1592471921.1324751,0.33417999744415283,-4.729412078857422
1592471921.1414557,0.33417999744415283,-4.647058963775635
1592471921.1541107,0.33417999744415283,-4.635294437408447
1592471921.159466,0.33417999744415283,-4.635294437408447
1592471921.1714633,0.33417999744415283,-4.611764907836914
1592471921.1814616,0.38409000635147095,-4.588235378265381
1592471921.1914563,0.38409000635147095,-4.588235378265381
1592471921.2014823,0.38409000635147095,-4.55294132232666
1592471921.2114742,0.38409000635147095,-4.55294132232666
1592471921.2214727,0.38409000635147095,-4.5176472663879395
1592471921.231469,0.38409000635147095,-4.494117736816406
1592471921.241475,0.38409000635147095,-4.494117736816406
1592471921.2514873,0.38409000635147095,-4.447059154510498
1592471921.2614818,0.38409000635147095,-4.423529624938965
1592471921.271485,0.38409000635147095,-4.423529624938965
1592471921.2814832,0.42640501260757446,-4.364706039428711
1592471921.2914743,0.42640501260757446,-4.341176509857178
1592471921.3014746,0.42640501260757446,-4.341176509857178
1592471921.3114722,0.42640501260757446,-4.317647457122803
1592471921.3214695,0.42640501260757446,-4.32941198348999
1592471921.3314686,0.42640501260757446,-4.32941198348999
1592471921.3414958,0.42640501260757446,-4.341176509857178
1592471921.3523965,0.42640501260757446,-4.341176509857178
1592471921.3614702,0.42640501260757446,-4.341176509857178
1592471921.371465,0.42640501260757446,-4.341176509857178
1592471921.3814702,0.42640501260757446,-4.341176509857178
1592471921.391476,0.4470199942588806,-4.341176509857178
1592471921.401491,0.4470199942588806,-4.317647457122803
1592471921.4114625,0.4470199942588806,-4.317647457122803
