timestamp,x,y
1592471906.4374378,0.0,0.0
1592471906.4474545,0.0,0.0
1592471906.45744,0.0,0.0
1592471906.46746,0.0,0.0
1592471906.4774544,0.0,0.0
1592471906.487436,0.0,0.0
1592471906.4973974,0.0,0.0
1592471906.507425,0.0,0.0
1592471906.51746,0.0,0.0
1592471906.5274553,0.0,0.0
1592471906.5374215,0.0,0.0
1592471906.5474646,0.0,0.0
1592471906.557449,0.0,0.0
1592471906.5674531,0.0,0.0
1592471906.5774436,0.0,0.0
1592471906.5874643,0.0,0.0
1592471906.597457,0.0,0.0
1592471906.6074865,0.0,0.0
1592471906.6174111,0.0,0.0
1592471906.627445,0.0,0.0
1592471906.637412,0.0,0.0
1592471906.6474354,0.0,0.0
1592471906.6574776,0.0,0.0
1592471906.6674562,0.0,0.0
1592471906.6774082,0.0,0.0
1592471906.6874495,0.0,0.0
1592471906.697447,0.0,0.0
1592471906.70742,0.0,0.0
1592471906.7174404,0.0,0.0
1592471906.7274444,0.0,0.0
1592471906.7374535,0.0,0.0
1592471906.7474277,0.0,0.0
1592471906.7574515,0.0,0.0
1592471906.7674506,0.0,0.0
1592471906.7774465,0.0,0.0
1592471906.7874362,0.0,0.0
1592471906.7974246,0.0,0.0
1592471906.8074467,0.0,0.0
1592471906.8174455,0.0,0.0
1592471906.8274243,0.0,0.0
1592471906.8374422,0.0,0.0
1592471906.8474393,0.0,0.0
1592471906.8574524,0.0,0.0
1592471906.867457,0.0,0.0
1592471906.8774517,0.0,0.0
1592471906.887444,0.0,0.0
1592471906.8974466,0.0,0.0
1592471906.907448,0.0,0.0
1592471906.9174533,0.0,0.0
1592471906.9274168,0.0,0.0
1592471906.9374478,0.0,0.0
1592471906.9474332,0.0,0.0
1592471906.9574587,0.0,0.0
1592471906.9674466,0.0,0.0
1592471906.977448,0.0,0.0
1592471906.9874604,0.0,0.0
1592471906.9974034,0.0,0.0
1592471907.007444,0.0,0.0
1592471907.0174515,0.0,0.0
1592471907.027456,0.0,0.0
1592471907.0374584,0.0,0.0
1592471907.0475283,0.0,0.0
1592471907.0574532,0.0,0.0
1592471907.0674593,0.0,0.0
1592471907.077453,0.0,0.0
1592471907.0874424,0.0,0.0
1592471907.0974057,0.0,0.0
1592471907.1074104,0.0,0.0
1592471907.117431,0.0,0.0
1592471907.1274564,0.0,0.0
1592471907.1374316,0.0,0.0
1592471907.1474605,0.0,0.0
1592471907.157453,0.0,0.0
1592471907.1674142,0.0,0.0
1592471907.1774225,0.0,0.0
1592471907.1874688,0.0,0.0
1592471907.1974459,0.0,0.0
1592471907.2074406,0.0,0.0
1592471907.2174304,0.0,0.0
1592471907.2274582,0.0,0.0
1592471907.2374365,0.0,0.0
1592471907.2474332,0.0,0.0
1592471907.2574458,0.0,0.0
1592471907.2674196,0.0,0.0
1592471907.2774546,0.0,0.0
1592471907.2874408,0.0,0.0
1592471907.297452,0.0,0.0
1592471907.3074174,0.0,0.0
1592471907.317407,0.0,0.0
1592471907.3274121,0.0,0.0
1592471907.3374393,0.0,0.0
1592471907.3474314,0.0,0.0
1592471907.3574002,0.0,0.0
1592471907.3674529,0.0,0.0
1592471907.377422,0.0,0.0
1592471907.3874662,0.0,0.0
1592471907.3974597,0.0,0.0
1592471907.4074345,0.0,0.0
1592471907.4174023,0.0,0.0
1592471907.4274492,0.0,0.0
1592471907.4374053,0.0,0.0
1592471907.4474566,0.0,0.0
1592471907.4574337,0.0,0.0
1592471907.467448,0.0,0.0
1592471907.477472,0.0,0.0
1592471907.4874263,0.0,0.0
1592471907.4974248,0.0,0.0
1592471907.5074525,0.0,0.0
1592471907.517463,0.0,0.0
1592471907.5274463,0.0,0.0
1592471907.5374215,0.0,0.0
1592471907.5474906,0.0,0.0
1592471907.5574474,0.0,0.0
1592471907.5674403,0.0,0.0
1592471907.5774424,0.0,0.0
1592471907.587494,0.0,0.0
1592471907.59747,0.0,0.0
1592471907.6074011,0.0,0.0
1592471907.6174495,0.0,0.0
1592471907.6274107,0.0,0.0
1592471907.6374247,0.0,0.0
1592471907.6474469,0.0,0.0
1592471907.657452,0.0,0.0
1592471907.6674216,0.0,0.0
1592471907.6774364,0.0,0.0
1592471907.687439,0.0,0.0
1592471907.6974523,0.0,0.0
1592471907.7074568,0.0,0.0
1592471907.7174509,0.0,0.0
1592471907.727417,0.0,0.0
1592471907.7374527,0.0,0.0
1592471907.7474222,0.0,0.0
1592471907.7574506,0.0,0.0
1592471907.7674506,0.0,0.0
1592471907.777436,0.0,0.0
1592471907.7874584,0.0,0.0
1592471907.7974663,0.0,0.0
1592471907.8074532,0.0,0.0
1592471907.8174443,0.0,0.0
1592471907.8274143,0.0,0.0
1592471907.837404,0.0,0.0
1592471907.8474514,0.0,0.0
1592471907.8594182,0.0,0.0
1592471907.867451,0.0,0.0
1592471907.8774526,0.0,0.0
1592471907.8874094,0.0,0.0
1592471907.8974252,0.0,0.0
1592471907.9074466,0.0,0.0
1592471907.917412,0.0,0.0
1592471907.9274416,0.0,0.0
1592471907.9374459,0.0,0.0
1592471907.947454,0.0,0.0
1592471907.9574103,0.0,0.0
1592471907.9674432,0.0,0.0
1592471907.9774497,0.0,0.0
1592471907.9874663,0.0,0.0
1592471907.9974456,0.0,0.0
1592471908.0074189,0.0,0.0
1592471908.0174417,0.0,0.0
1592471908.027442,0.0,0.0
1592471908.0374422,0.0,0.0
1592471908.0474472,0.0,0.0
1592471908.0574572,0.0,0.0
1592471908.0674014,0.0,0.0
1592471908.077442,0.0,0.0
1592471908.0874474,0.0,0.0
1592471908.0974255,0.0,0.0
1592471908.1073954,0.0,0.0
1592471908.1174107,0.0,0.0
1592471908.127422,0.0,0.0
1592471908.1374233,0.0,0.0
1592471908.1474366,0.0,0.0
1592471908.1574116,0.0,0.0
1592471908.1674209,0.0,0.0
1592471908.1774514,0.0,0.0
1592471908.1874454,0.0,0.0
1592471908.1974418,0.0,0.0
1592471908.2074337,0.0,0.0
1592471908.2174478,0.0,0.0
1592471908.2274015,0.0,0.0
1592471908.2374427,0.0,0.0
1592471908.2474153,0.0,0.0
1592471908.2574642,0.0,0.0
1592471908.2674098,0.0,0.0
1592471908.2774448,0.0,0.0
1592471908.2874467,0.0,0.0
1592471908.297423,0.0,0.0
1592471908.3074512,0.0,0.0
1592471908.3174229,0.0,0.0
1592471908.3274565,0.0,0.0
1592471908.3374014,0.0,0.0
1592471908.3474073,0.0,0.0
1592471908.3574502,0.0,0.0
1592471908.3674095,0.0,0.0
1592471908.3774388,0.0,0.0
1592471908.387465,0.0,0.0
1592471908.398153,0.0,0.0
1592471908.407435,0.0,0.0
1592471908.4174445,0.0,0.0
1592471908.4274416,0.0,0.0
1592471908.4374437,0.0,0.0
1592471908.4474752,0.0,0.0
1592471908.4574652,0.0,0.0
1592471908.4674284,0.0,0.0
1592471908.4774494,0.0,0.0
1592471908.4874537,0.0,0.0
1592471908.497449,0.0,0.0
1592471908.507428,0.0,0.0
1592471908.5174663,0.0,0.0
1592471908.527459,0.0,0.0
1592471908.537454,0.0,0.0
1592471908.5474608,0.0,0.0
1592471908.5574744,0.0,0.0
1592471908.5674484,0.0,0.0
1592471908.5774477,0.0,0.0
1592471908.5905178,0.0,0.0
1592471908.5974524,0.0,0.0
1592471908.6074095,0.0,0.0
1592471908.617422,0.0,0.0
1592471908.6274524,0.0,0.0
1592471908.6374245,0.0,0.0
1592471908.647449,0.0,0.0
1592471908.6580067,0.0,0.0
1592471908.6674566,0.0,0.0
1592471908.677455,0.0,0.0
1592471908.6874533,0.0,0.0
1592471908.6974175,0.0,0.0
1592471908.7074573,0.0,0.0
1592471908.7174346,0.0,0.0
1592471908.7274344,0.0,0.0
1592471908.737452,0.0,0.0
1592471908.7474148,0.0,0.0
1592471908.7574437,0.0,0.0
1592471908.76745,0.0,0.0
1592471908.7774553,0.0,0.0
1592471908.7879004,0.0,0.0
1592471908.7974484,0.0,0.0
1592471908.8074517,0.0,0.0
1592471908.8174088,0.0,0.0
1592471908.827438,0.0,0.0
1592471908.8374274,0.0,0.0
1592471908.8474011,0.0,0.0
1592471908.8617136,0.0,0.0
1592471908.8677924,0.0,0.0
1592471908.877797,0.0,0.0
1592471908.8877656,0.0,0.0
1592471908.8977444,0.0,0.0
1592471908.9077642,0.0,0.0
1592471908.917857,0.0,0.0
1592471908.9277713,0.0,0.0
1592471908.9377663,0.0,0.0
1592471908.9477923,0.0,0.0
1592471908.9577963,0.0,0.0
1592471908.9683397,0.0,0.0
1592471908.978066,0.0,0.0
1592471908.98781,0.0,0.0
1592471908.9977937,0.0,0.0
1592471909.0077899,0.0,0.0
1592471909.0177953,0.0,0.0
1592471909.0277965,0.0,0.0
1592471909.0377836,0.0,0.0
1592471909.0477874,0.0,0.0
1592471909.0578065,0.0,0.0
1592471909.0677938,0.0,0.0
1592471909.0777676,0.0,0.0
1592471909.0877628,0.0,0.0
1592471909.0977886,0.0,0.0
1592471909.107759,0.0,0.0
1592471909.117771,0.0,0.0
1592471909.1278133,0.0,0.0
1592471909.1377904,0.0,0.0
1592471909.1477997,0.0,0.0
1592471909.157759,0.0,0.0
1592471909.167789,0.0,0.0
1592471909.17779,0.0,0.0
1592471909.1877985,0.0,0.0
1592471909.1978106,0.0,0.0
1592471909.2077713,0.0,0.0
1592471909.217786,0.0,0.0
1592471909.2277453,0.0,0.0
1592471909.2377484,0.0,0.0
1592471909.2477891,0.0,0.0
1592471909.257792,0.0,0.0
1592471909.2807333,0.0,0.0
1592471909.2821987,0.0,0.0
1592471909.2882724,0.0,0.0
1592471909.2982068,0.0,0.0
1592471909.3081748,0.0,0.0
1592471909.319267,0.0,0.0
1592471909.326206,0.0,0.0
1592471909.338206,0.0,0.0
1592471909.3482068,0.0,0.0
1592471909.358187,0.0,0.0
1592471909.36906,0.0,0.0
1592471909.3762085,0.0,0.0
1592471909.389537,0.0,0.0
1592471909.396218,0.0,0.0
1592471909.4082103,0.0,0.0
1592471909.41819,0.0,0.0
1592471909.4281793,0.0,0.0
1592471909.4382048,0.0,0.0
1592471909.4481719,0.0,0.0
1592471909.4562263,0.0,0.0
1592471909.4682064,0.0,0.0
1592471909.4782114,0.0,0.0
1592471909.4882066,0.0,0.0
1592471909.4982054,0.0,0.0
1592471909.5082176,0.0,0.0
1592471909.5191605,0.0,0.0
1592471909.5262089,0.0,0.0
1592471909.5382068,0.0,0.0
1592471909.5482302,0.0,0.0
1592471909.5582047,0.0,0.0
1592471909.5682087,0.0,0.0
1592471909.578208,0.0,0.0
1592471909.588217,0.0,0.0
1592471909.598206,0.0,0.0
1592471909.6082146,0.0,0.0
1592471909.6185467,0.0,0.0
1592471909.628206,0.0,0.0
1592471909.6381757,0.0,0.0
1592471909.6481907,0.0,0.0
1592471909.6585793,0.0,0.0
1592471909.668205,0.0,0.0
1592471909.678213,0.0,0.0
1592471909.6882057,0.0,0.0
1592471909.6982052,0.0,0.0
1592471909.7082074,0.0,0.0
1592471909.718199,0.0,0.0
1592471909.7282066,0.0,0.0
1592471909.7381852,0.0,0.0
1592471909.7482238,0.0,0.0
1592471909.7584722,0.0,0.0
1592471909.7681777,0.0,0.0
1592471909.7781956,0.0,0.0
1592471909.7881663,0.0,0.0
1592471909.7981977,0.0,0.0
1592471909.8081646,0.0,0.0
1592471909.8181632,0.0,0.0
1592471909.8282027,0.0,0.0
1592471909.8381991,0.0,0.0
1592471909.8481984,0.0,0.0
1592471909.8582177,0.0,0.0
1592471909.8682032,0.0,0.0
1592471909.8781862,0.0,0.0
1592471909.8882074,0.0,0.0
1592471909.8982038,0.0,0.0
1592471909.908204,0.0,0.0
1592471909.918212,0.0,0.0
1592471909.9282646,0.0,0.0
1592471909.93821,0.0,0.0
1592471909.9482512,0.0,0.0
1592471909.9581954,0.0,0.0
1592471909.9682236,0.0,0.0
1592471909.9783647,0.0,0.0
1592471909.9882083,0.0,0.0
1592471909.9982097,0.0,0.0
1592471910.0082047,0.0,0.0
1592471910.0182104,0.0,0.0
1592471910.0282042,0.0,0.0
1592471910.0382152,0.0,0.0
1592471910.0482104,0.0,0.0
1592471910.0582004,0.0,0.0
1592471910.0682466,0.0,0.0
1592471910.0788548,0.0,0.0
1592471910.0861979,0.0,0.0
1592471910.0981839,0.0,0.0
1592471910.1082132,0.0,0.0
1592471910.1182148,0.0,0.0
1592471910.1281824,0.0,0.0
1592471910.1382036,0.0,0.0
1592471910.1482005,0.0,0.0
1592471910.1581714,0.0,0.0
1592471910.168223,0.0,0.0
1592471910.1781762,0.0,0.0
1592471910.1883614,0.0,0.0
1592471910.1982095,0.0,0.0
1592471910.208181,0.0,0.0
1592471910.2182162,0.0,0.0
1592471910.2281854,0.0,0.0
1592471910.23818,0.0,0.0
1592471910.248231,0.0,0.0
1592471910.2583046,0.0,0.0
1592471910.268206,0.0,0.0
1592471910.280198,0.0,0.0
1592471910.2881927,0.0,0.0
1592471910.298228,0.0,0.0
1592471910.3082137,0.0,0.0
1592471910.3182156,0.0,0.0
1592471910.3282123,0.0,0.0
1592471910.3381817,0.0,0.0
1592471910.3482392,0.0,0.0
1592471910.358211,0.0,0.0
1592471910.3681672,0.0,0.0
1592471910.378206,0.0,0.0
1592471910.3882155,0.0,0.0
1592471910.3962114,0.0,0.0
1592471910.4082146,0.0,0.0
1592471910.4182127,0.0,0.0
1592471910.4282155,0.0,0.0
1592471910.4381936,0.0,0.0
1592471910.448227,0.0,0.0
1592471910.4619977,0.0,0.0
1592471910.4642117,0.0,0.0
1592471910.4782104,0.0,0.0
1592471910.4900274,0.0,0.0
1592471910.496216,0.0,0.0
1592471910.5082004,0.0,0.0
1592471910.518219,0.0,0.0
1592471910.5282123,0.0,0.0
1592471910.5381699,0.0,0.0
1592471910.54824,0.0,0.0
1592471910.5582087,0.0,0.0
1592471910.5682158,0.0,0.0
1592471910.5781753,0.0,0.0
1592471910.5882394,0.0,0.0
1592471910.598794,0.0,0.0
1592471910.6061773,0.0,0.0
1592471910.6182127,0.0,0.0
1592471910.6282167,0.0,0.0
1592471910.638206,0.0,0.0
1592471910.6482153,0.0,0.0
1592471910.6585634,0.0,0.0
1592471910.6682074,0.0,0.0
1592471910.678256,0.0,0.0
1592471910.6882207,0.0,0.0
1592471910.6986296,0.0,0.0
1592471910.7082186,0.0,0.0
1592471910.7184722,0.0,0.0
1592471910.7282245,0.0,0.0
1592471910.7385266,0.0,0.0
1592471910.748224,0.0,0.0
1592471910.7582114,0.0,0.0
1592471910.7681932,0.0,0.0
1592471910.7782443,0.0,0.0
1592471910.7882211,0.0,0.0
1592471910.798212,0.0,0.0
1592471910.8082592,0.0,0.0
1592471910.8182147,0.0,0.0
1592471910.8281817,0.0,0.0
1592471910.8384302,0.0,0.0
1592471910.8482606,0.0,0.0
1592471910.8582327,0.0,0.0
1592471910.8682055,0.0,0.0
1592471910.878215,0.0,0.0
1592471910.8882132,0.0,0.0
1592471910.898231,0.0,0.0
1592471910.9101143,0.0,0.0
1592471910.916218,0.0,0.0
1592471910.928238,0.0,0.0
1592471910.9381833,0.0,0.0
1592471910.9482489,0.0,0.0
1592471910.9582756,0.0,0.0
1592471910.9693265,0.0,0.0
1592471910.9762163,0.0,0.0
1592471910.9882536,0.0,0.0
1592471910.9962175,0.0,0.0
1592471911.0082288,0.0,0.0
1592471911.0181835,0.0,0.0
1592471911.0282185,0.0,0.0
1592471911.038213,0.0,0.0
1592471911.0482056,0.0,0.0
1592471911.0582645,0.0,0.0
1592471911.0682082,0.0,0.0
1592471911.0788107,0.0,0.0
1592471911.0862076,0.0,0.0
1592471911.0982013,0.0,0.0
1592471911.1082048,0.0,0.0
1592471911.1162157,0.0,0.0
1592471911.128213,0.0,0.0
1592471911.138204,0.0,0.0
1592471911.148239,0.0,0.0
1592471911.1581707,0.0,0.0
1592471911.1682084,0.0,0.0
1592471911.1787941,0.0,0.0
1592471911.1862469,0.0,0.0
1592471911.1982129,0.0,0.0
1592471911.2082071,0.0,0.0
1592471911.218191,0.0,0.0
1592471911.2282093,0.0,0.0
1592471911.2381883,0.0,0.0
1592471911.2482302,0.0,0.0
1592471911.2582152,0.0,0.0
1592471911.2682142,0.0,0.0
1592471911.2782373,0.0,0.0
1592471911.288215,0.0,0.0
1592471911.298205,0.0,0.0
1592471911.30821,0.0,0.0
1592471911.3182116,0.0,0.0
1592471911.328187,0.0,0.0
1592471911.3382156,0.0,0.0
1592471911.3482206,0.0,0.0
1592471911.3582098,0.0,0.0
1592471911.368208,0.0,0.0
1592471911.378776,0.0,0.0
1592471911.38621,0.0,0.0
1592471911.3981895,0.0,0.0
1592471911.4081988,0.0,0.0
1592471911.4181898,0.0,0.0
1592471911.4281962,0.0,0.0
1592471911.4382122,0.0,0.0
1592471911.4497266,0.0,0.0
1592471911.4580228,0.0,0.0
1592471911.4661632,0.0,0.0
1592471911.4781756,0.0,0.0
1592471911.488161,0.0,0.0
1592471911.4982073,0.0,0.0
1592471911.508205,0.0,0.0
1592471911.5182126,0.0,0.0
1592471911.5282087,0.0,0.0
1592471911.5382204,0.0,0.0
1592471911.5483046,0.0,0.0
1592471911.5582013,0.0,0.0
1592471911.5682075,0.0,0.0
1592471911.5782106,0.0,0.0
1592471911.5882185,0.0,0.0
1592471911.5982192,0.0,0.0
1592471911.6082118,0.0,0.0
1592471911.6181884,0.0,0.0
1592471911.6282134,0.0,0.0
1592471911.6382136,0.0,0.0
1592471911.6482244,0.0,0.0
1592471911.6599493,0.0,0.0
1592471911.66673,0.0,0.0
1592471911.6761851,0.0,0.0
1592471911.6881735,0.0,0.0
1592471911.6982136,0.0,0.0
1592471911.7081854,0.0,0.0
1592471911.7181876,0.0,0.0
1592471911.7282088,0.0,0.0
1592471911.7382088,0.0,0.0
1592471911.748183,0.0,0.0
1592471911.7581904,0.0,0.0
1592471911.7682,0.0,0.0
1592471911.7782035,0.0,0.0
1592471911.7882257,0.0,0.0
1592471911.7982044,0.0,0.0
1592471911.8082144,0.0,0.0
1592471911.8182368,0.0,0.0
1592471911.828213,0.0,0.0
1592471911.838204,0.0,0.0
1592471911.8481884,0.0,0.0
1592471911.8582246,0.0,0.0
1592471911.8681743,0.0,0.0
1592471911.8782325,0.0,0.0
1592471911.8881977,0.0,0.0
1592471911.8982046,0.0,0.0
1592471911.9082143,0.0,0.0
1592471911.9182096,0.0,0.0
1592471911.9281883,0.0,0.0
1592471911.9381833,0.0,0.0
1592471911.9482095,0.0,0.0
1592471911.9582062,0.0,0.0
1592471911.968211,0.0,0.0
1592471911.978176,0.0,0.0
1592471911.9882362,0.0,0.0
1592471911.9982116,0.0,0.0
1592471912.0082192,0.0,0.0
1592471912.0182388,0.0,0.0
1592471912.0282142,0.0,0.0
1592471912.0382125,0.0,0.0
1592471912.048217,0.0,0.0
1592471912.0598357,0.0,0.0
1592471912.0661986,0.0,0.0
1592471912.0782084,0.0,0.0
1592471912.088209,0.0,0.0
1592471912.0981996,0.0,0.0
1592471912.1082084,0.0,0.0
1592471912.118169,0.0,0.0
1592471912.1282098,0.0,0.0
1592471912.1381688,0.0,0.0
1592471912.148218,0.0,0.0
1592471912.1581953,0.0,0.0
1592471912.168208,0.0,0.0
1592471912.1782176,0.0,0.0
1592471912.1882296,0.0,0.0
1592471912.1981769,0.0,0.0
1592471912.2081552,0.0,0.0
1592471912.2182071,0.0,0.0
1592471912.2282016,0.0,0.0
1592471912.2381988,0.0,0.0
1592471912.2482078,0.0,0.0
1592471912.2582176,0.0,0.0
1592471912.268163,0.0,0.0
1592471912.2782102,0.0,0.0
1592471912.2881956,0.0,0.0
1592471912.2981548,0.0,0.0
1592471912.3081994,0.0,0.0
1592471912.3182175,0.0,0.0
1592471912.326203,0.0,0.0
1592471912.3382065,0.0,0.0
1592471912.3482175,0.0,0.0
1592471912.3582206,0.0,0.0
1592471912.368217,0.0,0.0
1592471912.3781893,0.0,0.0
1592471912.3882263,0.0,0.0
1592471912.3982077,0.0,0.0
1592471912.4082165,0.0,0.0
1592471912.418209,0.0,0.0
1592471912.4282057,0.0,0.0
1592471912.4382,0.0,0.0
1592471912.448266,0.0,0.0
1592471912.4582176,0.0,0.0
1592471912.4681606,0.0,0.0
1592471912.4782255,0.0,0.0
1592471912.4881628,0.0,0.0
1592471912.4981737,0.0,0.0
1592471912.5081913,0.0,0.0
1592471912.5182154,0.0,0.0
1592471912.528212,0.0,0.0
1592471912.5362132,0.0,0.0
1592471912.5481884,0.0,0.0
1592471912.5582182,0.0,0.0
1592471912.5682063,0.0,0.0
1592471912.57887,0.0,0.0
1592471912.5862188,0.0,0.0
1592471912.5982096,0.0,0.0
1592471912.608208,0.0,0.0
1592471912.618221,0.0,0.0
1592471912.6282253,0.0,0.0
1592471912.6381655,0.0,0.0
1592471912.6481879,0.0,0.0
1592471912.6582248,0.0,0.0
1592471912.6681695,0.0,0.0
1592471912.6782181,0.0,0.0
1592471912.6881642,0.0,0.0
1592471912.6981864,0.0,0.0
1592471912.708204,0.0,0.0
1592471912.7182112,0.0,0.0
1592471912.7282176,0.0,0.0
1592471912.7382045,0.0,0.0
1592471912.7482004,0.0,0.0
1592471912.7581995,0.0,0.0
1592471912.768213,0.0,0.0
1592471912.778796,0.0,0.0
1592471912.7861636,0.0,0.0
1592471912.798196,0.0,0.0
1592471912.8082056,0.0,0.0
1592471912.8181767,0.0,0.0
1592471912.828206,0.0,0.0
1592471912.838201,0.0,0.0
1592471912.8482254,0.0,0.0
1592471912.8582242,0.0,0.0
1592471912.8682065,0.0,0.0
1592471912.878209,0.0,0.0
1592471912.8881984,0.0,0.0
1592471912.8982105,0.0,0.0
1592471912.9081888,0.0,0.0
1592471912.9182155,0.0,0.0
1592471912.9282107,0.0,0.0
1592471912.938192,0.0,0.0
1592471912.9482894,0.0,0.0
1592471912.9582064,0.0,0.0
1592471912.9681582,0.0,0.0
1592471912.9781854,0.0,0.0
1592471912.9881861,0.0,0.0
1592471912.9982145,0.0,0.0
1592471913.0082092,0.0,0.0
1592471913.0181894,0.0,0.0
1592471913.0282085,0.0,0.0
1592471913.0382116,0.0,0.0
1592471913.048247,0.0,0.0
1592471913.0582156,0.0,0.0
1592471913.0682063,0.0,0.0
1592471913.0787811,0.0,0.0
1592471913.0862095,0.0,0.0
1592471913.0982065,0.0,0.0
1592471913.10819,0.0,0.0
1592471913.1182575,0.0,0.0
1592471913.128223,0.0,0.0
1592471913.1382124,0.0,0.0
1592471913.14836,0.0,0.0
1592471913.1582203,0.0,0.0
1592471913.1681814,0.0,0.0
1592471913.1787899,0.0,0.0
1592471913.18625,0.0,0.0
1592471913.198222,0.0,0.0
1592471913.208211,0.0,0.0
1592471913.2182133,0.0,0.0
1592471913.228212,0.0,0.0
1592471913.238197,0.0,0.0
1592471913.2482069,0.0,0.0
1592471913.2582536,0.0,0.0
1592471913.268212,0.0,0.0
1592471913.2782202,0.0,0.0
1592471913.288187,0.0,0.0
1592471913.2981787,0.0,0.0
1592471913.3081648,0.0,0.0
1592471913.3182216,0.0,0.0
1592471913.3281689,0.0,0.0
1592471913.338182,0.0,0.0
1592471913.3482378,0.0,0.0
1592471913.3582063,0.0,0.0
1592471913.3681672,0.0,0.0
1592471913.3781834,0.0,0.0
1592471913.3900573,0.0,0.0
1592471913.3961802,0.0,0.0
1592471913.408188,0.0,0.0
1592471913.4181948,0.0,0.0
1592471913.4281847,0.0,0.0
1592471913.4381967,0.0,0.0
1592471913.4492216,0.0,0.0
1592471913.4566572,0.0,0.0
1592471913.4681754,0.0,0.0
1592471913.4782138,0.0,0.0
1592471913.4881883,0.0,0.0
1592471913.49821,0.0,0.0
1592471913.5082135,0.0,0.0
1592471913.5182092,0.0,0.0
1592471913.528282,0.0,0.0
1592471913.5381792,0.0,0.0
1592471913.548184,0.0,0.0
1592471913.5581827,0.0,0.0
1592471913.568177,0.0,0.0
1592471913.5782046,0.0,0.0
1592471913.5882168,0.0,0.0
1592471913.5981863,0.0,0.0
1592471913.608207,0.0,0.0
1592471913.6182091,0.0,0.0
1592471913.6281886,0.0,0.0
1592471913.638207,0.0,0.0
1592471913.648162,0.0,0.0
1592471913.658197,0.0,0.0
1592471913.6682143,0.0,0.0
1592471913.6782131,0.0,0.0
1592471913.6881814,0.0,0.0
1592471913.6981611,0.0,0.0
1592471913.70821,0.0,0.0
1592471913.7181907,0.0,0.0
1592471913.728214,0.0,0.0
1592471913.738178,0.0,0.0
1592471913.7481997,0.0,0.0
1592471913.7581925,0.0,0.0
1592471913.768217,0.0,0.0
1592471913.778226,0.0,0.0
1592471913.788193,0.0,0.0
1592471913.7982101,0.0,0.0
1592471913.8082013,0.0,0.0
1592471913.8181672,0.0,0.0
1592471913.8281994,0.0,0.0
1592471913.8361607,0.0,0.0
1592471913.8482203,0.0,0.0
1592471913.8581955,0.0,0.0
1592471913.8682046,0.0,0.0
1592471913.8782053,0.0,0.0
1592471913.888198,0.0,0.0
1592471913.8981988,0.0,0.0
1592471913.9082007,0.0,0.0
1592471913.9182112,0.0,0.0
1592471913.9281857,0.0,0.0
1592471913.9382024,0.0,0.0
1592471913.9482286,0.0,0.0
1592471913.9582043,0.0,0.0
1592471913.9682043,0.0,0.0
1592471913.9782102,0.0,0.0
1592471913.9884746,0.0,0.0
1592471913.9982028,0.0,0.0
1592471914.0081801,0.0,0.0
1592471914.0182724,0.0,0.0
1592471914.0282173,0.0,0.0
1592471914.0382042,0.0,0.0
1592471914.0482326,0.0,0.0
1592471914.0581954,0.0,0.0
1592471914.0682037,0.0,0.0
1592471914.0786107,0.0,0.0
1592471914.0881999,0.0,0.0
1592471914.0982053,0.0,0.0
1592471914.108205,0.0,0.0
1592471914.1187449,0.0,0.0
1592471914.126207,0.0,0.0
1592471914.1382115,0.0,0.0
1592471914.1482081,0.0,0.0
1592471914.1581686,0.0,0.0
1592471914.1682012,0.0,0.0
1592471914.1781812,0.0,0.0
1592471914.1882906,0.0,0.0
1592471914.198199,0.0,0.0
1592471914.2082183,0.0,0.0
1592471914.2182086,0.0,0.0
1592471914.228203,0.0,0.0
1592471914.2382233,0.0,0.0
1592471914.2482107,0.0,0.0
1592471914.2597587,0.0,0.0
1592471914.2662127,0.0,0.0
1592471914.2782114,0.0,0.0
1592471914.2881877,0.0,0.0
1592471914.299289,0.0,0.0
1592471914.3061998,0.0,0.0
1592471914.3182201,0.0,0.0
1592471914.3281844,0.0,0.0
1592471914.3381894,0.0,0.0
1592471914.3482215,0.0,0.0
1592471914.35816,0.0,0.0
1592471914.3682053,0.0,0.0
1592471914.379006,0.0,0.0
1592471914.3862178,0.0,0.0
1592471914.3982103,0.0,0.0
1592471914.409552,0.0,0.0
1592471914.41621,0.0,0.0
1592471914.4282112,0.0,0.0
1592471914.438204,0.0,0.0
1592471914.448215,0.0,0.0
1592471914.4582143,0.0,0.0
1592471914.4682088,0.0,0.0
1592471914.4782152,0.0,0.0
1592471914.4882138,0.0,0.0
1592471914.498187,0.0,0.0
1592471914.5082147,0.0,0.0
1592471914.5182233,0.0,0.0
1592471914.5282817,0.0,0.0
1592471914.5383177,0.0,0.0
1592471914.5482438,0.0,0.0
1592471914.5581987,0.0,0.0
1592471914.5681796,0.0,0.0
1592471914.5781896,0.0,0.0
1592471914.5882173,0.0,0.0
1592471914.5982027,0.0,0.0
1592471914.608164,0.0,0.0
1592471914.6181834,0.0,0.0
1592471914.6281996,0.0,0.0
1592471914.6382127,0.0,0.0
1592471914.648176,0.0,0.0
1592471914.6582208,0.0,0.0
1592471914.6682036,0.0,0.0
1592471914.6787987,0.0,0.0
1592471914.6862068,0.0,0.0
1592471914.6982129,0.0,0.0
1592471914.7081785,0.0,0.0
1592471914.7182117,0.0,0.0
1592471914.7281969,0.0,0.0
1592471914.7382083,0.0,0.0
1592471914.7482495,0.0,0.0
1592471914.7582037,0.0,0.0
1592471914.768231,0.0,0.0
1592471914.778204,0.0,0.0
1592471914.7882261,0.0,0.0
1592471914.7982047,0.0,0.0
1592471914.808218,0.0,0.0
1592471914.8182147,0.0,0.0
1592471914.8282158,0.0,0.0
1592471914.8382082,0.0,0.0
1592471914.8455434,0.0,0.0
1592471914.8562236,0.0,0.0
1592471914.8682067,0.0,0.0
1592471914.8782175,0.0,0.0
1592471914.888199,0.0,0.0
1592471914.898209,0.0,0.0
1592471914.9082093,0.0,0.0
1592471914.9189253,0.0,0.0
1592471914.9269254,0.0,0.0
1592471914.9368958,0.0,0.0
1592471914.9469104,0.0,0.0
1592471914.9620304,0.0,0.0
1592471914.968257,0.0,0.0
1592471914.9782636,0.0,0.0
1592471914.9883049,0.0,0.0
1592471914.9982183,0.0,0.0
1592471915.0082736,0.0,0.0
1592471915.0182745,0.0,0.0
1592471915.0282612,0.0,0.0
1592471915.0362508,0.0,0.0
1592471915.0482492,0.0,0.0
1592471915.0582585,0.0,0.0
1592471915.0682616,0.0,0.0
1592471915.0782762,0.0,0.0
1592471915.0882676,0.0,0.0
1592471915.0962179,0.0,0.0
1592471915.1082535,0.0,0.0
1592471915.1182418,0.0,0.0
1592471915.1282697,0.0,0.0
1592471915.1382525,0.0,0.0
1592471915.1482801,0.0,0.0
1592471915.158262,0.0,0.0
1592471915.1682599,0.0,0.0
1592471915.1782644,0.0,0.0
1592471915.1883235,0.0,0.0
1592471915.198224,0.0,0.0
1592471915.2082644,0.0,0.0
1592471915.2183008,0.0,0.0
1592471915.228259,0.0,0.0
1592471915.2382143,0.0,0.0
1592471915.2482631,0.0,0.0
1592471915.2582626,0.0,0.0
1592471915.2682621,0.0,0.0
1592471915.278261,0.0,0.0
1592471915.2882686,0.0,0.0
1592471915.2982557,0.0,0.0
1592471915.3082607,0.0,0.0
1592471915.3182566,0.0,0.0
1592471915.328266,0.0,0.0
1592471915.3382688,0.0,0.0
1592471915.3482938,0.0,0.0
1592471915.3582876,0.0,0.0
1592471915.3682408,0.0,0.0
1592471915.3782718,0.0,0.0
1592471915.3882668,0.0,0.0
1592471915.3982656,0.0,0.0
1592471915.4082692,0.0,0.0
1592471915.4182403,0.0,0.0
1592471915.4282227,0.0,0.0
1592471915.4382396,0.0,0.0
1592471915.449916,0.0,0.0
1592471915.4563003,0.0,0.0
1592471915.4682631,0.0,0.0
1592471915.4782615,0.0,0.0
1592471915.4882557,0.0,0.0
1592471915.4982631,0.0,0.0
1592471915.5082517,0.0,0.0
1592471915.5182707,0.0,0.0
1592471915.5282662,0.0,0.0
1592471915.5382571,0.0,0.0
1592471915.550165,0.0,0.0
1592471915.5562637,0.0,0.0
1592471915.5682683,0.0,0.0
1592471915.578261,0.0,0.0
1592471915.5882747,0.0,0.0
1592471915.598222,0.0,0.0
1592471915.6082888,0.0,0.0
1592471915.6182249,0.0,0.0
1592471915.6282587,0.0,0.0
1592471915.6382246,0.0,0.0
1592471915.6482496,0.0,0.0
1592471915.660293,0.0,0.0
1592471915.6682253,0.0,0.0
1592471915.67829,0.0,0.0
1592471915.6882346,0.0,0.0
1592471915.6982706,0.0,0.0
1592471915.708268,0.0,0.0
1592471915.7182648,0.0,0.0
1592471915.728263,0.0,0.0
1592471915.7382336,0.0,0.0
1592471915.748298,0.0,0.0
1592471915.762035,0.0,0.0
1592471915.768757,0.0,0.0
1592471915.7760763,0.0,0.0
1592471915.7883587,0.0,0.0
1592471915.7981198,0.0,0.0
1592471915.808083,0.0,0.0
1592471915.8180826,0.0,0.0
1592471915.828075,0.0,0.0
1592471915.83808,0.0,0.0
1592471915.8480656,0.0,0.0
1592471915.8581054,0.0,0.0
1592471915.8681061,0.0,0.0
1592471915.8788342,0.0,0.0
1592471915.8860555,0.0,0.0
1592471915.898055,0.0,0.0
1592471915.9080248,0.0,0.0
1592471915.9187076,0.0,0.0
1592471915.9260654,0.0,0.0
1592471915.9380822,0.0,0.0
1592471915.9481149,0.0,0.0
1592471915.9580808,0.0,0.0
1592471915.9680464,0.0,0.0
1592471915.9781265,0.0,0.0
1592471915.9880612,0.0,0.0
1592471915.9980757,0.0,0.0
1592471916.0080714,0.0,0.0
1592471916.0180476,0.0,0.0
1592471916.033172,0.0,0.0
1592471916.036745,0.0,0.0
1592471916.0465848,0.0,0.0
1592471916.0567138,0.0,0.0
1592471916.0667686,0.0,0.0
1592471916.076601,0.0,0.0
1592471916.0886095,0.0,0.0
1592471916.0985744,0.0,0.0
1592471916.1085827,0.0,0.0
1592471916.1186025,0.0,0.0
1592471916.1286354,0.0,0.0
1592471916.1385806,0.0,0.0
1592471916.1486652,0.0,0.0
1592471916.1565845,0.0,0.0
1592471916.1697776,0.0,0.0
1592471916.176587,0.0,0.0
1592471916.1899104,0.0,0.0
1592471916.1966333,0.0,0.0
1592471916.206603,0.0,0.0
1592471916.2166047,0.0,0.0
1592471916.2286043,0.0,0.0
1592471916.2385926,0.0,0.0
1592471916.2485814,0.0,0.0
1592471916.2586014,0.0,0.0
1592471916.2685983,0.0,0.0
1592471916.2786105,0.0,0.0
1592471916.288612,0.0,0.0
1592471916.2986255,0.0,0.0
1592471916.3086045,0.0,0.0
1592471916.3186195,0.0,0.0
1592471916.3316042,0.0,0.0
1592471916.337592,0.0,0.0
1592471916.3476045,0.0,0.0
1592471916.3575745,0.0,0.0
1592471916.3675573,0.0,0.0
1592471916.3775487,0.0,0.0
1592471916.3884523,0.0,0.0
1592471916.3975687,0.0,0.0
1592471916.4075825,0.0,0.0
1592471916.4175704,0.0,0.0
1592471916.4275897,0.0,0.0
1592471916.4375799,0.0,0.0
1592471916.4475772,0.0,0.0
1592471916.4580302,0.0,0.0
1592471916.4676144,0.0,0.0
1592471916.4775994,0.0,0.0
1592471916.487598,0.0,0.0
1592471916.4975712,0.0,0.0
1592471916.5075915,0.0,0.0
1592471916.5176172,0.0,0.0
1592471916.5275953,0.0,0.0
1592471916.5376036,0.0,0.0
1592471916.5476305,0.0,0.0
1592471916.5576134,0.0,0.0
1592471916.5675716,0.0,0.0
1592471916.577584,0.0,0.0
1592471916.5876021,0.0,0.0
1592471916.5976021,0.0,0.0
1592471916.607601,0.0,0.0
1592471916.6176474,0.0,0.0
1592471916.6235845,0.0,0.0
1592471916.6375768,0.0,0.0
1592471916.647653,0.0,0.0
1592471916.657598,0.0,0.0
1592471916.667597,0.0,0.0
1592471916.6775475,0.0,0.0
1592471916.6876004,0.0,0.0
1592471916.6975994,0.0,0.0
1592471916.7100055,0.0,0.0
1592471916.7155929,0.0,0.0
1592471916.727637,0.0,0.0
1592471916.7377615,0.0,0.0
1592471916.7476227,0.0,0.0
1592471916.7575881,0.0,0.0
1592471916.7675462,0.0,0.0
1592471916.7775528,0.0,0.0
1592471916.787585,0.0,0.0
1592471916.7975905,0.0,0.0
1592471916.8075964,0.0,0.0
1592471916.8175538,0.0,0.0
1592471916.8275707,0.0,0.0
1592471916.8375642,0.0,0.0
1592471916.847639,0.0,0.0
1592471916.8582222,0.0,0.0
1592471916.8675609,0.0,0.0
1592471916.8775954,0.0,0.0
1592471916.8876753,0.0,0.0
1592471916.8975952,0.0,0.0
1592471916.907577,0.0,0.0
1592471916.917698,0.0,0.0
1592471916.9275928,0.0,0.0
1592471916.9378512,0.0,0.0
1592471916.947612,0.0,0.0
1592471916.9576008,0.0,0.0
1592471916.9675527,0.0,0.0
1592471916.9775825,0.0,0.0
1592471916.987663,0.0,0.0
1592471916.99755,0.0,0.0
1592471917.0075724,0.0,0.0
1592471917.0176005,0.0,0.0
1592471917.0275652,0.0,0.0
1592471917.0375924,0.0,0.0
1592471917.0475898,0.0,0.0
1592471917.0580547,0.0,0.0
1592471917.0675755,0.0,0.0
1592471917.077572,0.0,0.0
1592471917.087601,0.0,0.0
1592471917.0975769,0.0,0.0
1592471917.1075444,0.0,0.0
1592471917.117594,0.0,0.0
1592471917.1275566,0.0,0.0
1592471917.1375544,0.0,0.0
1592471917.147597,0.0,0.0
1592471917.1575804,0.0,0.0
1592471917.1675868,0.0,0.0
1592471917.1775956,0.0,0.0
1592471917.187659,0.0,0.0
1592471917.1975553,0.0,0.0
1592471917.2075918,0.0,0.0
1592471917.2155652,0.0,0.0
1592471917.2275877,0.0,0.0
1592471917.237592,0.0,0.0
1592471917.2475772,0.0,0.0
1592471917.2576709,0.0,0.0
1592471917.2675788,0.0,0.0
1592471917.2777126,0.0,0.0
1592471917.287576,0.0,0.0
1592471917.2975776,0.0,0.0
1592471917.3075886,0.0,0.0
1592471917.317613,0.0,0.0
1592471917.3275476,0.0,0.0
1592471917.3376176,0.0,0.0
1592471917.347951,0.0,0.0
1592471917.3575983,0.0,0.0
1592471917.3675935,0.0,0.0
1592471917.3775682,0.0,0.0
1592471917.3876276,0.0,0.0
1592471917.3975928,0.0,0.0
1592471917.4075902,0.0,0.0
1592471917.4175887,0.0,0.0
1592471917.4275672,0.0,0.0
1592471917.4375508,0.0,0.0
1592471917.447605,0.0,0.0
1592471917.4575894,0.0,0.0
1592471917.467598,0.0,0.0
1592471917.4775486,0.0,0.0
1592471917.4875548,0.0,0.0
1592471917.4975977,0.0,0.0
1592471917.5075436,0.0,0.0
1592471917.5175586,0.0,0.0
1592471917.5275605,0.0,0.0
1592471917.537606,0.0,0.0
1592471917.5475948,0.0,0.0
1592471917.557564,0.0,0.0
1592471917.5675423,0.0,0.0
1592471917.5775764,0.0,0.0
1592471917.588316,0.0,0.0
1592471917.5975726,0.0,0.0
1592471917.6075616,0.0,0.0
1592471917.6175902,0.0,0.0
1592471917.627558,0.0,0.0
1592471917.6375926,0.0,0.0
1592471917.6476262,0.0,0.0
1592471917.6580427,0.0,0.0
1592471917.6675963,0.0,0.0
1592471917.6775947,0.0,0.0
1592471917.6875844,0.0,0.0
1592471917.697568,0.0,0.0
1592471917.7075956,0.0,0.0
1592471917.717596,0.0,0.0
1592471917.7275977,0.0,0.0
1592471917.737581,0.0,0.0
1592471917.7476234,0.0,0.0
1592471917.7598057,0.0,0.0
1592471917.767789,0.0,0.0
1592471917.7777407,0.0,0.0
1592471917.787808,0.0,0.0
1592471917.797756,0.0,0.0
1592471917.807789,0.0,0.0
1592471917.817783,0.0,0.0
1592471917.8278074,0.0,0.0
1592471917.8377836,0.0,0.0
1592471917.8477757,0.0,0.0
1592471917.8577895,0.0,0.0
1592471917.8677952,0.0,0.0
1592471917.877853,0.0,0.0
1592471917.8877664,0.0,0.0
1592471917.8977852,0.0,0.0
1592471917.9077713,0.0,0.0
1592471917.9177933,0.0,0.0
1592471917.9277744,0.0,0.0
1592471917.9377813,0.0,0.0
1592471917.947799,0.0,0.0
1592471917.957791,0.0,0.0
1592471917.967742,0.0,0.0
1592471917.9778106,0.0,0.0
1592471917.9881206,0.0,0.0
1592471917.9977894,0.0,0.0
1592471918.00779,0.0,0.0
1592471918.0177736,0.0,0.0
1592471918.027768,0.0,0.0
1592471918.0380037,0.0,0.0
1592471918.0477853,0.0,0.0
1592471918.057802,0.0,0.0
1592471918.06778,0.0,0.0
1592471918.0777872,0.0,0.0
1592471918.0893924,0.0,0.0
1592471918.0977886,0.0,0.0
1592471918.10778,0.0,0.0
1592471918.1178074,0.0,0.0
1592471918.1277823,0.0,0.0
1592471918.1377845,0.0,0.0
1592471918.1478097,0.0,0.0
1592471918.1577582,0.0,0.0
1592471918.16777,0.0,0.0
1592471918.1777794,0.0,0.0
1592471918.1878169,0.0,0.0
1592471918.1977615,0.0,0.0
1592471918.2077994,0.0,0.0
1592471918.2177958,0.0,0.0
1592471918.2277856,0.0,0.0
1592471918.2377932,0.0,0.0
1592471918.247801,0.0,0.0
1592471918.2578304,0.0,0.0
1592471918.2677872,0.0,0.0
1592471918.277813,0.0,0.0
1592471918.2877445,0.0,0.0
1592471918.2977822,0.0,0.0
1592471918.3077817,0.0,0.0
1592471918.3177829,0.0,0.0
1592471918.3277855,0.0,0.0
1592471918.3378036,0.0,0.0
1592471918.3477752,0.0,0.0
1592471918.3577852,0.0,0.0
1592471918.367761,0.0,0.0
1592471918.3777719,0.0,0.0
1592471918.3878357,0.0,0.0
1592471918.3977914,0.0,0.0
1592471918.407785,0.0,0.0
1592471918.4177911,0.0,0.0
1592471918.4277697,0.0,0.0
1592471918.437747,0.0,0.0
1592471918.4478054,0.0,0.0
1592471918.458047,0.0,0.0
1592471918.4677756,0.0,0.0
1592471918.4777613,0.0,0.0
1592471918.4877837,0.0,0.0
1592471918.4977772,0.0,0.0
1592471918.5077858,0.0,0.0
1592471918.517799,0.0,0.0
1592471918.5257976,0.0,0.0
1592471918.5378368,0.0,0.0
1592471918.5478137,0.0,0.0
1592471918.5605173,0.0,0.0
1592471918.5677586,0.0,0.0
1592471918.577781,0.0,0.0
1592471918.5878956,0.0,0.0
1592471918.5977867,0.0,0.0
1592471918.6077416,0.0,0.0
1592471918.617766,0.0,0.0
1592471918.627768,0.0,0.0
1592471918.6377406,0.0,0.0
1592471918.6477733,0.0,0.0
1592471918.6577988,0.0,0.0
1592471918.6678221,0.0,0.0
1592471918.677763,0.0,0.0
1592471918.68781,0.0,0.0
1592471918.6977572,0.0,0.0
1592471918.7077696,0.0,0.0
1592471918.717772,0.0,0.0
1592471918.7277863,0.0,0.0
1592471918.7377656,0.0,0.0
1592471918.7482984,0.0,0.0
1592471918.7577736,0.0,0.0
1592471918.767766,0.0,0.0
1592471918.7777843,0.0,0.0
1592471918.7877815,0.0,0.0
1592471918.797778,0.0,0.0
1592471918.8077922,0.0,0.0
1592471918.8177946,0.0,0.0
1592471918.8278239,0.0,0.0
1592471918.8377817,0.0,0.0
1592471918.8478255,0.0,0.0
1592471918.857836,0.0,0.0
1592471918.8677847,0.0,0.0
1592471918.8777897,0.0,0.0
1592471918.887753,0.0,0.0
1592471918.8977914,0.0,0.0
1592471918.907787,0.0,0.0
1592471918.917783,0.0,0.0
1592471918.9277682,0.0,0.0
1592471918.93804,0.0,0.0
1592471918.9487221,0.0,0.0
1592471918.9557838,0.0,0.0
1592471918.9677532,0.0,0.0
1592471918.9777904,0.0,0.0
1592471918.9878137,0.0,0.0
1592471918.9977915,0.0,0.0
1592471919.007788,0.0,0.0
1592471919.017744,0.0,0.0
1592471919.0277824,0.0,0.0
1592471919.0377452,0.0,0.0
1592471919.047783,0.0,0.0
1592471919.0578027,0.0,0.0
1592471919.0677376,0.0,0.0
1592471919.077783,0.0,0.0
1592471919.0877879,0.0,0.0
1592471919.0977845,0.0,0.0
1592471919.107788,0.0,0.0
1592471919.117794,0.0,0.0
1592471919.1277628,0.0,0.0
1592471919.1377902,0.0,0.0
1592471919.147836,0.0,0.0
1592471919.1577783,0.0,0.0
1592471919.1677518,0.0,0.0
1592471919.1777842,0.0,0.0
1592471919.1879122,0.0,0.0
1592471919.1978004,0.0,0.0
1592471919.2077994,0.0,0.0
1592471919.2177784,0.0,0.0
1592471919.227793,0.0,0.0
1592471919.2377398,0.0,0.0
1592471919.2477727,0.0,0.0
1592471919.2577689,0.0,0.0
1592471919.2677963,0.0,0.0
1592471919.2757719,0.0,0.0
1592471919.2877622,0.0,0.0
1592471919.2977748,0.0,0.0
1592471919.3077652,0.0,0.0
1592471919.317794,0.0,0.0
1592471919.327794,0.0,0.0
1592471919.3377697,0.0,0.0
1592471919.3478205,0.0,0.0
1592471919.357788,0.0,0.0
1592471919.367788,0.0,0.0
1592471919.377794,0.0,0.0
1592471919.3877685,0.0,0.0
1592471919.3977811,0.0,0.0
1592471919.4077706,0.0,0.0
1592471919.4177961,0.0,0.0
1592471919.4277427,0.0,0.0
1592471919.4377863,0.0,0.0
1592471919.44578,0.0,0.0
1592471919.4577904,0.0,0.0
1592471919.4677887,0.0,0.0
1592471919.4777985,0.0,0.0
1592471919.487775,0.0,0.0
1592471919.4977593,0.0,0.0
1592471919.5077875,0.0,0.0
1592471919.517764,0.0,0.0
1592471919.527792,0.0,0.0
1592471919.5377865,0.0,0.0
1592471919.5477564,0.0,0.0
1592471919.5577881,0.0,0.0
1592471919.567756,0.0,0.0
1592471919.5777628,0.0,0.0
1592471919.587875,0.0,0.0
1592471919.5977907,0.0,0.0
1592471919.6077933,0.0,0.0
1592471919.6177661,0.0,0.0
1592471919.627777,0.0,0.0
1592471919.637792,0.0,0.0
1592471919.6477947,0.0,0.0
1592471919.6599581,0.0,0.0
1592471919.6679778,0.0,0.0
1592471919.6779327,0.0,0.0
1592471919.6879718,0.0,0.0
1592471919.6979103,0.0,0.0
1592471919.707955,0.0,0.0
1592471919.7179184,0.0,0.0
1592471919.727969,0.0,0.0
1592471919.7380068,0.0,0.0
1592471919.7480237,0.0,0.0
1592471919.7579937,0.0,0.0
1592471919.7679543,0.0,0.0
1592471919.778665,0.0,0.0
1592471919.7860053,0.0,0.0
1592471919.797928,0.0,0.0
1592471919.807957,0.0,0.0
1592471919.8179922,0.0,0.0
1592471919.8279555,0.0,0.0
1592471919.837988,0.0,0.0
1592471919.8479571,0.0,0.0
1592471919.8580008,0.0,0.0
1592471919.867961,0.0,0.0
1592471919.878801,0.0,0.0
1592471919.8859901,0.0,0.0
1592471919.9041834,0.0,0.0
1592471919.9098961,0.0,0.0
1592471919.9162474,0.0,0.0
1592471919.9282174,0.0,0.0
1592471919.9382617,0.0,0.0
1592471919.9482622,0.0,0.0
1592471919.9582624,0.0,0.0
1592471919.9682386,0.0,0.0
1592471919.9782333,0.0,0.0
1592471919.9872913,0.0,0.0
1592471919.9962683,0.0,0.0
1592471920.0082307,0.0,0.0
1592471920.0182922,0.0,0.0
1592471920.0282798,0.0,0.0
1592471920.038219,0.0,0.0
1592471920.0482552,0.0,0.0
1592471920.0582674,0.0,0.0
1592471920.0642347,0.0,0.0
1592471920.0782387,0.0,0.0
1592471920.0882668,0.0,0.0
1592471920.098263,0.0,0.0
1592471920.108238,0.0,0.0
1592471920.1182637,0.0,0.0
1592471920.128239,0.0,0.0
1592471920.1382487,0.0,0.0
1592471920.1482456,0.0,0.0
1592471920.1582692,0.0,0.0
1592471920.168261,0.0,0.0
1592471920.1782281,0.0,0.0
1592471920.1882813,0.0,0.0
1592471920.1982238,0.0,0.0
1592471920.2082345,0.0,0.0
1592471920.21826,0.0,0.0
1592471920.22823,0.0,0.0
1592471920.2382317,0.0,0.0
1592471920.2482755,0.0,0.0
1592471920.258288,0.0,0.0
1592471920.2682638,0.0,0.0
1592471920.2783227,0.0,0.0
1592471920.288265,0.0,0.0
1592471920.2982275,0.0,0.0
1592471920.3082178,0.0,0.0
1592471920.3182695,0.0,0.0
1592471920.3262537,0.0,0.0
1592471920.3382566,0.0,0.0
1592471920.348779,0.0,0.0
1592471920.3562622,0.0,0.0
1592471920.3682227,0.0,0.0
1592471920.378242,0.0,0.0
1592471920.3882573,0.0,0.0
1592471920.398519,0.0,0.0
1592471920.4082582,0.0,0.0
1592471920.4182618,0.0,0.0
1592471920.428253,0.0,0.0
1592471920.438223,0.0,0.0
1592471920.4482172,0.0,0.0
1592471920.4582784,0.0,0.0
1592471920.4682567,0.0,0.0
1592471920.4782608,0.0,0.0
1592471920.4886541,0.0,0.0
1592471920.498252,0.0,0.0
1592471920.508304,0.0,0.0
1592471920.5193505,0.0,0.0
1592471920.526264,0.0,0.0
1592471920.5383039,0.0,0.0
1592471920.5482295,0.0,0.0
1592471920.5582845,0.0,0.0
1592471920.5682387,0.0,0.0
1592471920.5782282,0.0,0.0
1592471920.588321,0.0,0.0
1592471920.5982552,0.0,0.0
1592471920.6082406,0.0,0.0
1592471920.6182663,0.0,0.0
1592471920.6282458,0.0,0.0
1592471920.6382174,0.0,0.0
1592471920.648261,0.0,0.0
1592471920.6582644,0.0,0.0
1592471920.6682851,0.0,0.0
1592471920.6782625,0.0,0.0
1592471920.6882622,0.0,0.0
1592471920.6982608,0.0,0.0
1592471920.7082548,0.0,0.0
1592471920.7182574,0.0,0.0
1592471920.728315,0.0,0.0
1592471920.7382226,0.0,0.0
1592471920.7482634,0.0,0.0
1592471920.758242,0.0,0.0
1592471920.7682426,0.0,0.0
1592471920.7782488,0.0,0.0
1592471920.7883391,0.0,0.0
1592471920.7982626,0.0,0.0
1592471920.8082654,0.0,0.0
1592471920.8182633,0.0,0.0
1592471920.8282602,0.0,0.0
1592471920.8382149,0.0,0.0
1592471920.8482583,0.0,0.0
1592471920.8582861,0.0,0.0
1592471920.8682797,0.0,0.0
1592471920.8782306,0.0,0.0
1592471920.8882184,0.0,0.0
1592471920.8982131,0.0,0.0
1592471920.9082587,0.0,0.0
1592471920.9182112,0.0,0.0
1592471920.9282598,0.0,0.0
1592471920.9382775,0.0,0.0
1592471920.9489262,0.0,0.0
1592471920.9562376,0.0,0.0
1592471920.9682486,0.0,0.0
1592471920.978274,0.0,0.0
1592471920.9885092,0.0,0.0
1592471920.998255,0.0,0.0
1592471921.0082548,0.0,0.0
1592471921.0182261,0.0,0.0
1592471921.028251,0.0,0.0
1592471921.0382602,0.0,0.0
1592471921.0482535,0.0,0.0
1592471921.0582259,0.0,0.0
1592471921.0682688,0.0,0.0
1592471921.078275,0.0,0.0
1592471921.0882592,0.0,0.0
1592471921.0982292,0.0,0.0
1592471921.1082559,0.0,0.0
1592471921.1182532,0.0,0.0
1592471921.1282628,0.0,0.0
1592471921.1382644,0.0,0.0
1592471921.1484485,0.0,0.0
1592471921.1582217,0.0,0.0
1592471921.1682556,0.0,0.0
1592471921.178266,0.0,0.0
1592471921.1882792,0.0,0.0
1592471921.198229,0.0,0.0
1592471921.2082705,0.0,0.0
1592471921.2182639,0.0,0.0
1592471921.2282526,0.0,0.0
1592471921.2382631,0.0,0.0
1592471921.2482884,0.0,0.0
1592471921.2582653,0.0,0.0
1592471921.2682588,0.0,0.0
1592471921.2782233,0.0,0.0
1592471921.2862391,0.0,0.0
1592471921.2982585,0.0,0.0
1592471921.3082328,0.0,0.0
1592471921.3182564,0.0,0.0
1592471921.3282523,0.0,0.0
1592471921.3382795,0.0,0.0
1592471921.3482692,0.0,0.0
1592471921.3582647,0.0,0.0
1592471921.3682396,0.0,0.0
1592471921.378267,0.0,0.0
1592471921.3883095,0.0,0.0
1592471921.3982253,0.0,0.0
1592471921.4082682,0.0,0.0
